/*
SQLyog Ultimate v12.09 (64 bit)
MySQL - 5.6.36 : Database - ly
*********************************************************************
*/

/*!40101 SET NAMES utf8 */;

/*!40101 SET SQL_MODE=''*/;

/*!40014 SET @OLD_UNIQUE_CHECKS=@@UNIQUE_CHECKS, UNIQUE_CHECKS=0 */;
/*!40014 SET @OLD_FOREIGN_KEY_CHECKS=@@FOREIGN_KEY_CHECKS, FOREIGN_KEY_CHECKS=0 */;
/*!40101 SET @OLD_SQL_MODE=@@SQL_MODE, SQL_MODE='NO_AUTO_VALUE_ON_ZERO' */;
/*!40111 SET @OLD_SQL_NOTES=@@SQL_NOTES, SQL_NOTES=0 */;
CREATE DATABASE /*!32312 IF NOT EXISTS*/`ly` /*!40100 DEFAULT CHARACTER SET utf8mb4 */;

USE `ly`;

/*Table structure for table `quot_config` */

DROP TABLE IF EXISTS `quot_config`;

CREATE TABLE `quot_config` (
  `supports_search` tinyint(1) NOT NULL DEFAULT '0',
  `supports_group_request` tinyint(1) NOT NULL DEFAULT '0',
  `supported_resolutions` varchar(32) NOT NULL,
  `supports_marks` tinyint(1) NOT NULL DEFAULT '0',
  `supports_time` tinyint(1) NOT NULL DEFAULT '0',
  `id` int(11) NOT NULL AUTO_INCREMENT,
  PRIMARY KEY (`id`)
) ENGINE=InnoDB AUTO_INCREMENT=2 DEFAULT CHARSET=utf8;

/*Data for the table `quot_config` */

insert  into `quot_config`(`supports_search`,`supports_group_request`,`supported_resolutions`,`supports_marks`,`supports_time`,`id`) values (0,0,'[1,5,15,30,60,D]',0,0,1);

/*Table structure for table `tb_center_active` */

DROP TABLE IF EXISTS `tb_center_active`;

CREATE TABLE `tb_center_active` (
  `inner_ip` varchar(255) NOT NULL DEFAULT '',
  `inner_port` smallint(6) NOT NULL,
  `status` tinyint(4) DEFAULT NULL,
  `activetime` bigint(20) DEFAULT NULL,
  PRIMARY KEY (`inner_ip`,`inner_port`)
) ENGINE=InnoDB DEFAULT CHARSET=utf8;

/*Data for the table `tb_center_active` */

insert  into `tb_center_active`(`inner_ip`,`inner_port`,`status`,`activetime`) values ('192.168.22.243',15000,1,1529458084);

/*Table structure for table `tb_config_files` */

DROP TABLE IF EXISTS `tb_config_files`;

CREATE TABLE `tb_config_files` (
  `node_type` varchar(64) NOT NULL DEFAULT '',
  `config_type` tinyint(4) NOT NULL DEFAULT '0',
  `file_name` varchar(64) DEFAULT '',
  `check` tinyint(4) DEFAULT NULL,
  `nessesary_fields` varchar(1024) DEFAULT NULL,
  `cmd` varchar(1024) DEFAULT '',
  `url_path` varchar(1024) DEFAULT '',
  `description` varchar(128) DEFAULT '',
  PRIMARY KEY (`node_type`,`config_type`)
) ENGINE=InnoDB DEFAULT CHARSET=utf8;

/*Data for the table `tb_config_files` */

insert  into `tb_config_files`(`node_type`,`config_type`,`file_name`,`check`,`nessesary_fields`,`cmd`,`url_path`,`description`) values ('ACCESS',0,'AccessServer.json',1,NULL,NULL,'','ACCESS服务器配置'),('CENTER',0,'CenterServer.json',1,NULL,NULL,'','CENTER服务器配置'),('CENTER',1,'CenterCmd.json',1,'[\"dbip\", \"dbport\", \"dbuser\", \"dbpwd\", \"dbname\", \"dbcharacterset\", \"nodereport_timeinterval\", \"nodeoffline_timeinterval\", \"nodestatuscheck_timeinterval\", \"deleteofflinenode_timeinterval\", \"nodeloadlog_timeinterval\", \"nodeloadlog_overdue\", \"nodeloadstatistics_timeinterval\", \"nodeloadstatistics_overdue\", \"nodeloadcheck_timeinterval\", \"serverdataloadstatuslog_overdue\", \"serverdataloadstatuslogcheck_timeinterval\", \"center_inner_host\", \"center_inner_port\", \"center_node_type\", \"center_process_num\", \"node_recently_time\"]','[25]','','CENTER逻辑配置'),('DBAGENT_R',0,'DbAgentRead.json',1,NULL,NULL,'','DBAGENT_R服务器配置'),('DBAGENT_R',1,'Agent/CmdDbOper.json',1,'[\"data_type\", \"data_type_enum\", \"section_factor\", \"section_factor_enum\", \"factor_section\", \"table\", \"database\", \"cluster\", \"db_group\"]',NULL,'','mysql分片集群(读)'),('DBAGENT_W',0,'DbAgentWrite.json',1,NULL,NULL,'','DBAGENT_W服务器配置'),('DBAGENT_W',1,'Agent/CmdDbOper.json',1,'[\"data_type\", \"data_type_enum\", \"section_factor\", \"section_factor_enum\", \"factor_section\", \"table\", \"database\", \"cluster\", \"db_group\"]',NULL,'','mysql分片集群(写)'),('INTERFACE',0,'InterfaceServer.json',1,NULL,NULL,'','INTERFACE服务器配置'),('LBS',0,'LbsServer.json',1,NULL,NULL,'','LBS服务器配置'),('LBS',1,'LbsCmd.json',1,'[\"dbip\", \"dbport\", \"group_dbname\", \"group_tbname\", \"user_dbname\", \"user_tbname\", \"near_dis\"]',NULL,'','LBS逻辑配置'),('LOGIC',0,'LogicServer.json',1,NULL,NULL,'','LOGIC服务器配置'),('OSSI',0,'OssiServer.json',1,NULL,NULL,'','OSSI服务器配置'),('OSSI',1,'ModuleSwitch.json',1,'[\"module\"]',NULL,'[\"/im/switch\"]','对外接口反向代理内部服务器'),('PROXY',0,'DataProxyServer.json',1,NULL,NULL,'','PROXY服务器配置'),('PROXY',1,'Proxy/CmdDataProxy.json',1,'[\"data_type\", \"data_type_enum\", \"section_factor\", \"section_factor_enum\", \"factor_section\", \"hash_algorithms\", \"hash_algorithm\", \"virtual_node_num\", \"cluster\", \"redis_group\"]','[505,511]','','redis集群分片'),('PROXY',2,'Proxy/CmdDataProxyTableRelative.json',1,'[\"data_type\", \"data_type_enum\", \"section_factor\", \"section_factor_enum\", \"relative\", \"redis_struct\", \"tables\"]','[505,511]','','redis结构与mysql表对应关系');

/*Table structure for table `tb_ipwhite` */

DROP TABLE IF EXISTS `tb_ipwhite`;

CREATE TABLE `tb_ipwhite` (
  `inner_ip` varchar(30) NOT NULL
) ENGINE=InnoDB DEFAULT CHARSET=utf8;

/*Data for the table `tb_ipwhite` */

insert  into `tb_ipwhite`(`inner_ip`) values ('192.168.22.159'),('127.0.0.1');

/*Table structure for table `tb_node_manage` */

DROP TABLE IF EXISTS `tb_node_manage`;

CREATE TABLE `tb_node_manage` (
  `nodetype` varchar(32) DEFAULT '',
  `innerip` varchar(255) NOT NULL DEFAULT '',
  `outerip` varchar(255) NOT NULL DEFAULT '',
  `canuse` tinyint(4) DEFAULT NULL
) ENGINE=InnoDB DEFAULT CHARSET=utf8;

/*Data for the table `tb_node_manage` */

insert  into `tb_node_manage`(`nodetype`,`innerip`,`outerip`,`canuse`) values ('ACCESS','192.168.22.243','192.168.22.243',1),('CENTER','192.168.22.243','192.168.22.243',1),('LOGIC','192.168.22.243','192.168.22.243',1),('PROXY','192.168.22.243','192.168.22.243',1),('DBAGENT_R','192.168.22.243','192.168.22.243',1),('DBAGENT_W','192.168.22.243','192.168.22.243',1),('INTERFACE','192.168.22.243','192.168.22.243',NULL);

/*Table structure for table `tb_nodeload_status` */

DROP TABLE IF EXISTS `tb_nodeload_status`;

CREATE TABLE `tb_nodeload_status` (
  `nodeid` int(11) unsigned NOT NULL,
  `nodetype` varchar(64) DEFAULT NULL,
  `innerport` int(11) NOT NULL DEFAULT '0',
  `innerip` varchar(64) NOT NULL DEFAULT '',
  `outerport` int(11) DEFAULT NULL,
  `outerip` varchar(64) DEFAULT NULL,
  `serverstatus` tinyint(4) DEFAULT NULL,
  `workernum` int(11) DEFAULT NULL,
  `activetime` bigint(20) DEFAULT NULL,
  `serverload` int(11) DEFAULT NULL,
  `connect` int(11) DEFAULT NULL,
  `client` int(11) DEFAULT NULL,
  `recvnum` int(11) DEFAULT NULL,
  `sendnum` int(11) DEFAULT NULL,
  `sendbyte` int(11) DEFAULT NULL,
  `recvbyte` int(11) DEFAULT NULL,
  `worker` varchar(2048) DEFAULT NULL,
  PRIMARY KEY (`innerport`,`innerip`)
) ENGINE=InnoDB DEFAULT CHARSET=utf8;

/*Data for the table `tb_nodeload_status` */

insert  into `tb_nodeload_status`(`nodeid`,`nodetype`,`innerport`,`innerip`,`outerport`,`outerip`,`serverstatus`,`workernum`,`activetime`,`serverload`,`connect`,`client`,`recvnum`,`sendnum`,`sendbyte`,`recvbyte`,`worker`) values (1,'ACCESS',15002,'192.168.22.243',15001,'192.168.22.243',1,1,1531819816,2,2,0,0,0,0,0,'[{\"load\":2,\"connect\":2,\"recv_num\":0,\"recv_byte\":0,\"send_num\":0,\"send_byte\":0,\"client\":0}]'),(2,'LOGIC',15003,'192.168.22.243',0,'',1,1,1531819812,4,4,0,0,0,0,0,'[{\"load\":4,\"connect\":4,\"recv_num\":0,\"recv_byte\":0,\"send_num\":0,\"send_byte\":0,\"client\":0}]'),(3,'PROXY',15004,'192.168.22.243',0,'',1,1,1531819812,4,4,0,0,0,0,0,'[{\"load\":4,\"connect\":4,\"recv_num\":0,\"recv_byte\":0,\"send_num\":0,\"send_byte\":0,\"client\":0}]'),(5,'DBAGENT_W',15005,'192.168.22.243',0,'',1,1,1531819812,2,2,0,0,0,0,0,'[{\"load\":2,\"connect\":2,\"recv_num\":0,\"recv_byte\":0,\"send_num\":0,\"send_byte\":0,\"client\":0}]'),(4,'DBAGENT_R',15006,'192.168.22.243',0,'',1,1,1531819812,3,3,0,0,0,0,0,'[{\"load\":3,\"connect\":3,\"recv_num\":0,\"recv_byte\":0,\"send_num\":0,\"send_byte\":0,\"client\":0}]'),(6,'INTERFACE',15008,'192.168.22.243',15007,'192.168.22.243',1,1,1531819816,3,3,0,0,0,0,0,'[{\"load\":3,\"connect\":3,\"recv_num\":0,\"recv_byte\":0,\"send_num\":0,\"send_byte\":0,\"client\":0}]');

/*Table structure for table `tb_nodetype` */

DROP TABLE IF EXISTS `tb_nodetype`;

CREATE TABLE `tb_nodetype` (
  `nodelevel` tinyint(4) DEFAULT '0',
  `nodetype` varchar(32) NOT NULL,
  `noticeservers` varchar(256) DEFAULT NULL,
  `loadso` varchar(1024) DEFAULT NULL,
  `create_time` timestamp NULL DEFAULT NULL ON UPDATE CURRENT_TIMESTAMP,
  `update_time` timestamp NULL DEFAULT NULL ON UPDATE CURRENT_TIMESTAMP,
  PRIMARY KEY (`nodetype`)
) ENGINE=InnoDB DEFAULT CHARSET=utf8;

/*Data for the table `tb_nodetype` */

insert  into `tb_nodetype`(`nodelevel`,`nodetype`,`noticeservers`,`loadso`,`create_time`,`update_time`) values (0,'ACCESS','[\"CENTER\",\"LOGIC\"]',NULL,'2018-06-06 11:27:54','2018-06-06 11:27:54'),(0,'CENTER','[\"ACCESS\",\"LOGIC\",\"INTERFACE\"]',NULL,'2018-07-17 17:17:37','2018-07-17 17:17:37'),(0,'DBAGENT_R','[\"CENTER\",\"PROXY\"]',NULL,'2018-07-10 19:54:16','2018-06-06 11:28:14'),(0,'DBAGENT_W','[\"CENTER\",\"PROXY\"]',NULL,'2018-07-10 19:54:20','2018-06-06 11:28:14'),(0,'INTERFACE','[\"CENTER\",\"LOGIC\"]',NULL,'2018-07-17 17:17:40','2018-07-17 17:17:40'),(0,'LOGIC','[\"ACCESS\",\"CENTER\",\"PROXY\"]',NULL,'2018-07-14 11:27:59','2018-07-14 11:27:59'),(0,'PROXY','[\"CENTER\",\"LOGIC\",\"DBAGENT_R\",\"DBAGENT_W\"]',NULL,'2018-07-14 11:53:49','2018-07-14 11:53:49');

/*Table structure for table `tb_serverconfig` */

DROP TABLE IF EXISTS `tb_serverconfig`;

CREATE TABLE `tb_serverconfig` (
  `nodetype` varchar(64) NOT NULL DEFAULT '',
  `configtype` tinyint(4) NOT NULL DEFAULT '0',
  `config_content` text NOT NULL,
  `config` varchar(64) NOT NULL,
  `update_time` timestamp NOT NULL DEFAULT '0000-00-00 00:00:00' ON UPDATE CURRENT_TIMESTAMP,
  `auto_send` tinyint(4) NOT NULL DEFAULT '0',
  `reload_config` tinyint(4) NOT NULL DEFAULT '0',
  PRIMARY KEY (`nodetype`,`configtype`)
) ENGINE=InnoDB DEFAULT CHARSET=utf8;

/*Data for the table `tb_serverconfig` */

insert  into `tb_serverconfig`(`nodetype`,`configtype`,`config_content`,`config`,`update_time`,`auto_send`,`reload_config`) values ('ACCESS',0,'{   \r\n    \"node_type\":\"ACCESS\",\r\n    \"access_host\":\"192.168.22.159\",\r\n    \"access_port\":15001,\r\n    \"access_codec\":2,\r\n    \"center\":[\r\n        {\"host\":\"127.0.0.1\",\"port\":\"15000\"}\r\n        ],\r\n    \"server_name\":\"Access\",\r\n    \"gateway\":\"127.0.0.1\",\r\n    \"gateway_port\":15001,\r\n    \"node_ip\":\"127.0.0.1\",\r\n    \"node_port\":15001,\r\n    \"active_time\":16879561651.06,\r\n    \"node\":{\r\n        \"load\":1885792,\"connect\":495873,\"recv_num\":9875526,\"recv_byte\":9885648832,\"send_num\":154846322,\"send_byte\":648469320222,\"client\":495870\r\n},  \r\n        \"worker\":[\r\n        {\"load\":655666, \"connect\":495873, \"recv_num\":9875526, \"recv_byte\":98856648832, \"send_num\":154846322, \"send_byte\":648469320222, \"client\":195870},\r\n        {\"load\":655666, \"connect\":495873, \"recv_num\":9875526, \"recv_byte\":98856648832, \"send_num\":154846322, \"send_byte\":648469320222, \"client\":195870},\r\n        {\"load\":655666, \"connect\":495873, \"recv_num\":9875526, \"recv_byte\":98856648832, \"send_num\":154846322, \"send_byte\":648469320222, \"client\":195870}\r\n],  \r\n    \"node_arry_reg\":{\"node_type\":\"ACCESS\", \"node_ip\":\"127.0.0.1\",\"node_port\":15001,\"worker_num\":10},\r\n    \"inner_host\":\"127.0.0.1\",\r\n    \"inner_port\":14001,\r\n    \"process_num\":1,\r\n    \"worker_capacity\":1000000,\r\n    \"config_path\":\"Access/\",\r\n    \"log_path\":\"log/\",\r\n    \"max_log_file_num\":5,\r\n    \"max_log_file_size\":20480000,\r\n    \"io_timeout\":1.5,\r\n    \"step_timeout\":1.5,\r\n    \"log_levels\":{\"FATAL\":50000, \"ERROR\":40000, \"WARN\":30000, \"INFO\":20000, \"DEBUG\":10000, \"TRACE\":0},\r\n    \"log_level\":10000,\r\n    \"refresh_interval\":10,\r\n    \"permission\":{\r\n        \"addr_permit\":{\"stat_interval\":60.0, \"permit_num\":10},\r\n        \"uin_permit\":{\"stat_interval\":60.0, \"permit_num\":60}\r\n},      \r\n \"so\":[\r\n        {\"cmd\":11, \"so_path\":\"plugins/CmdNodeReport.so\", \"entrance_symbol\":\"create\",\"process_num\":0, \"load\":true, \"version\":1},\r\n        {\"cmd\":13, \"so_path\":\"plugins/CmdNodeReg.so\", \"entrance_symbol\":\"create\",\"process_num\":0, \"load\":true, \"version\":1},\r\n        {\"cmd\":19, \"so_path\":\"plugins/CmdNodeDisconnect.so\", \"entrance_symbol\":\"create\",\"process_num\":0, \"load\":true, \"version\":1},\r\n        {\"cmd\":27, \"so_path\":\"plugins/CmdGetLoadMinServer.so\", \"entrance_symbol\":\"create\",\"process_num\":0, \"load\":true, \"version\":1},\r\n        {\"cmd\":501, \"so_path\":\"plugins/CmdFromClient.so\", \"entrance_symbol\":\"create\",\"process_num\":0, \"load\":true, \"version\":1},\r\n        {\"cmd\":503, \"so_path\":\"plugins/CmdToClient.so\", \"entrance_symbol\":\"create\",\"process_num\":0, \"load\":true, \"version\":1},\r\n        {\"cmd\":5001, \"so_path\":\"plugins/CmdHello.so\", \"entrance_symbol\":\"create\",\"process_num\":0, \"load\":true, \"version\":1},\r\n        {\"cmd\":887, \"so_path\":\"plugins/CmdRedis.so\", \"entrance_symbol\":\"create\",\"process_num\":0, \"load\":true, \"version\":1},\r\n        {\"cmd\":999, \"so_path\":\"plugins/CmdQuotaRetrans.so\", \"entrance_symbol\":\"create\",\"process_num\":0, \"load\":true, \"version\":1}]}','AccessServer.json','2018-06-09 19:19:14',1,1),('CENTER',0,'{\r\n    \"node_type\":\"CENTER\",\r\n    \"inner_host\":\"127.0.0.1\",\r\n    \"inner_port\":15000,\r\n    \"access_codec\":2,\r\n   \"center\":[\r\n        ],  \r\n    \"server_name\":\"Center\",\r\n    \"process_num\":2,\r\n    \"worker_capacity\":1000000,\r\n    \"config_path\":\"./\",\r\n    \"log_path\":\"log/\",\r\n    \"max_log_file_num\":5,\r\n    \"max_log_file_size\":20480000,\r\n    \"io_timeout\":50,\r\n    \"step_timeout\":50,\r\n    \"log_levels\":{\"FATAL\":50000, \"ERROR\":40000, \"WARN\":30000, \"INFO\":20000, \"DEBUG\":10000, \"TRACE\":0},\r\n    \"log_level\":10000,\r\n    \"refresh_interval\":10,\r\n    \"so\":[\r\n        {\"cmd\":5001, \"so_path\":\"plugins/CmdHello.so\", \"entrance_symbol\":\"create\",\"process_num\":0, \"load\":true, \"version\":1},\r\n        {\"cmd\":11, \"so_path\":\"plugins/CmdNodeReport.so\", \"entrance_symbol\":\"create\",\"process_num\":0, \"load\":true, \"version\":1},\r\n        {\"cmd\":13, \"so_path\":\"plugins/CmdNodeReg.so\", \"entrance_symbol\":\"create\",\"process_num\":0, \"load\":true, \"version\":1},\r\n        {\"cmd\":19, \"so_path\":\"plugins/CmdNodeDisconnect.so\", \"entrance_symbol\":\"create\",\"process_num\":0, \"load\":true, \"version\":1},\r\n        {\"cmd\":27, \"so_path\":\"plugins/CmdGetLoadMinServer.so\", \"entrance_symbol\":\"create\",\"process_num\":0, \"load\":true, \"version\":1}\r\n    ]   \r\n}','CenterServer.json','2018-06-05 13:55:04',0,1),('DBAGENT_R',0,'{\"node_type\":\"DBAGENT_R\",\"inner_host\":\"192.168.18.81\",\"inner_port\":15006,\"center\":[{\"host\":\"192.168.18.79\",\"port\":15000},{\"host\":\"192.168.18.81\",\"port\":15000}],\"server_name\":\"DbAgentR_imdev\",\"process_num\":3,\"worker_capacity\":1000000,\"config_path\":\"conf/\",\"log_path\":\"log/\",\"max_log_file_num\":5,\"max_log_file_size\":504800000,\"io_timeout\":300,\"step_timeout\":5,\"log_levels\":{\"FATAL\":50000,\"ERROR\":40000,\"WARN\":30000,\"INFO\":20000,\"DEBUG\":10000,\"TRACE\":0},\"log_level\":0,\"refresh_interval\":60,\"so\":[{\"cmd\":505,\"so_path\":\"plugins/Agent/CmdDbOper.so\",\"entrance_symbol\":\"create\",\"load\":true,\"version\":1},{\"cmd\":511,\"so_path\":\"plugins/Agent/CmdLocateData.so\",\"entrance_symbol\":\"create\",\"load\":true,\"version\":1}]}','DbAgentRead.json','2016-11-24 15:58:41',0,1),('DBAGENT_R',1,'{\"data_type\":[\"attribute\",\"log\"],\"data_type_enum\":{\"attribute\":1,\"log\":2},\"section_factor\":[\"imid\",\"group_id\",\"string\",\"userset_id\"],\"section_factor_enum\":{\"imid\":1,\"group_id\":2,\"string\":3,\"userset_id\":4},\"factor_section\":{\"imid\":[10000000,20000000],\"group_id\":[100000,200000],\"userset_id\":[1000000,2000000],\"string\":[4294967295]},\"table\":{\"tb_userinfo\":{\"data_type\":1,\"section_factor\":1,\"db_name\":\"db_userinfo\",\"table_num\":100},\"tb_vestinfo\":{\"data_type\":1,\"section_factor\":1,\"db_name\":\"db_userinfo\",\"table_num\":1},\"tb_user_has_group_info\":{\"data_type\":1,\"section_factor\":1,\"db_name\":\"db_userinfo\",\"table_num\":100},\"tb_friends\":{\"data_type\":1,\"section_factor\":1,\"db_name\":\"db_relationship\",\"table_num\":100},\"tb_contacts_friends\":{\"data_type\":1,\"section_factor\":1,\"db_name\":\"db_relationship\",\"table_num\":100},\"tb_sync_user\":{\"data_type\":1,\"section_factor\":3,\"db_name\":\"db_im_account\",\"table_num\":100},\"tb_project_group\":{\"data_type\":1,\"section_factor\":3,\"db_name\":\"db_im_account\",\"table_num\":100},\"tb_nickname_imid\":{\"data_type\":1,\"section_factor\":3,\"db_name\":\"db_im_account\",\"table_num\":100},\"tb_phoneno_imid\":{\"data_type\":1,\"section_factor\":3,\"db_name\":\"db_im_account\",\"table_num\":100},\"tb_group_chat\":{\"data_type\":2,\"section_factor\":2,\"db_name\":\"db_groupmsg\",\"table_num\":100},\"tb_group_notify\":{\"data_type\":2,\"section_factor\":2,\"db_name\":\"db_groupmsg\",\"table_num\":100},\"tb_search_groupinfo\":{\"data_type\":1,\"section_factor\":3,\"db_name\":\"db_search_groupinfo\",\"table_num\":1},\"tb_groupmsg_recv\":{\"data_type\":2,\"section_factor\":1,\"db_name\":\"db_singlemsg\",\"table_num\":100},\"tb_single_chat\":{\"data_type\":2,\"section_factor\":1,\"db_name\":\"db_singlemsg\",\"table_num\":100},\"tb_personal_notify\":{\"data_type\":2,\"section_factor\":1,\"db_name\":\"db_singlemsg\",\"table_num\":100},\"tb_groupinfo\":{\"data_type\":1,\"section_factor\":2,\"db_name\":\"db_group_manage\",\"table_num\":100},\"tb_group_member\":{\"data_type\":1,\"section_factor\":2,\"db_name\":\"db_group_manage\",\"table_num\":100},\"tb_group_apply_verify\":{\"data_type\":2,\"section_factor\":2,\"db_name\":\"db_group_manage\",\"table_num\":100},\"tb_group_invite_verify\":{\"data_type\":2,\"section_factor\":2,\"db_name\":\"db_group_manage\",\"table_num\":100},\"tb_blog\":{\"data_type\":2,\"section_factor\":1,\"db_name\":\"db_community\",\"table_num\":100},\"tb_official\":{\"data_type\":1,\"section_factor\":1,\"db_name\":\"db_official\",\"table_num\":100},\"tb_official_system_account\":{\"data_type\":1,\"section_factor\":1,\"db_name\":\"db_official\",\"table_num\":1},\"tb_official_userset\":{\"data_type\":1,\"section_factor\":4,\"db_name\":\"db_official\",\"table_num\":100},\"tb_official_userset_member\":{\"data_type\":1,\"section_factor\":4,\"db_name\":\"db_official\",\"table_num\":100},\"tb_official_subscriber\":{\"data_type\":1,\"section_factor\":1,\"db_name\":\"db_official\",\"table_num\":100},\"tb_official_user_subscribe\":{\"data_type\":1,\"section_factor\":1,\"db_name\":\"db_official\",\"table_num\":100},\"tb_official_msg\":{\"data_type\":2,\"section_factor\":1,\"db_name\":\"db_official\",\"table_num\":100},\"tb_official_user_last_recv\":{\"data_type\":2,\"section_factor\":1,\"db_name\":\"db_official\",\"table_num\":100},\"tb_official_userset_msg\":{\"data_type\":2,\"section_factor\":4,\"db_name\":\"db_official\",\"table_num\":100},\"tb_official_specified_user_msg\":{\"data_type\":2,\"section_factor\":1,\"db_name\":\"db_official\",\"table_num\":100},\"tb_punish\":{\"data_type\":1,\"section_factor\":1,\"db_name\":\"db_user_management\",\"table_num\":100},\"tb_report_list\":{\"data_type\":2,\"section_factor\":1,\"db_name\":\"db_user_management\",\"table_num\":1},\"tb_sensitive_words\":{\"data_type\":2,\"section_factor\":3,\"db_name\":\"db_im_oss\",\"table_num\":1},\"tb_app_release_patch\":{\"data_type\":1,\"section_factor\":3,\"db_name\":\"db_im_oss\",\"table_num\":1},\"tb_report_prompt\":{\"data_type\":2,\"section_factor\":3,\"db_name\":\"db_im_oss\",\"table_num\":1},\"tcc_chatMsgHistory\":{\"data_type\":2,\"section_factor\":1,\"db_name\":\"niiwoo_log\",\"table_num\":1},\"tb_user_contacts_failed\":{\"data_type\":2,\"section_factor\":3,\"db_name\":\"db_im_contacts\",\"table_num\":1}},\"database\":{\"db_userinfo\":{\"db_group\":\"im_user\"},\"db_search_groupinfo\":{\"db_group\":\"im_account\"},\"db_relationship\":{\"db_group\":\"im_relation\"},\"db_im_account\":{\"db_group\":\"im_account\"},\"db_groupmsg\":{\"db_group\":\"im_msg\"},\"db_singlemsg\":{\"db_group\":\"im_msg\"},\"db_group_manage\":{\"db_group\":\"im_group\"},\"db_community\":{\"db_group\":\"im_msg\"},\"db_user_management\":{\"db_group\":\"im_user\"},\"db_official\":{\"db_group\":\"im_official\"},\"db_im_oss\":{\"db_group\":\"im_account\"},\"db_im_contacts\":{\"db_group\":\"im_user\"},\"niiwoo_log\":{\"db_group\":\"im_custom\"}},\"cluster\":{\"attribute\":{\"imid\":{\"LE_10000000\":{\"im_account\":\"im_account_1\",\"im_user\":\"im_user_1\",\"im_relation\":\"im_relation_1\",\"im_msg\":\"im_msg_1\",\"im_official\":\"im_official_1\",\"im_group\":\"im_group_1\",\"im_custom\":\"custom_db\"},\"LE_20000000\":{\"im_account\":\"im_account_2\",\"im_user\":\"im_user_2\",\"im_relation\":\"im_relation_2\",\"im_msg\":\"im_msg_2\",\"im_official\":\"im_official_2\",\"im_group\":\"im_group_2\",\"im_custom\":\"custom_db\"}},\"group_id\":{\"LE_100000\":{\"im_account\":\"im_account_1\",\"im_user\":\"im_user_1\",\"im_relation\":\"im_relation_1\",\"im_msg\":\"im_msg_1\",\"im_official\":\"im_official_1\",\"im_group\":\"im_group_1\",\"im_custom\":\"custom_db\"},\"LE_200000\":{\"im_account\":\"im_account_2\",\"im_user\":\"im_user_2\",\"im_relation\":\"im_relation_2\",\"im_msg\":\"im_msg_2\",\"im_official\":\"im_official_2\",\"im_group\":\"im_group_2\",\"im_custom\":\"custom_db\"}},\"userset_id\":{\"LE_1000000\":{\"im_account\":\"im_account_1\",\"im_user\":\"im_user_1\",\"im_relation\":\"im_relation_1\",\"im_msg\":\"im_msg_1\",\"im_official\":\"im_official_1\",\"im_group\":\"im_group_1\",\"im_custom\":\"custom_db\"},\"LE_2000000\":{\"im_account\":\"im_account_2\",\"im_user\":\"im_user_2\",\"im_relation\":\"im_relation_2\",\"im_msg\":\"im_msg_2\",\"im_official\":\"im_official_2\",\"im_group\":\"im_group_2\",\"im_custom\":\"custom_db\"}},\"string\":{\"LE_4294967295\":{\"im_account\":\"im_account_1\",\"im_user\":\"im_user_1\",\"im_relation\":\"im_relation_1\",\"im_msg\":\"im_msg_1\",\"im_official\":\"im_official_1\",\"im_group\":\"im_group_1\"}}},\"log\":{\"imid\":{\"LE_10000000\":{\"im_account\":\"im_account_1\",\"im_user\":\"im_user_1\",\"im_relation\":\"im_relation_1\",\"im_msg\":\"im_msg_1\",\"im_official\":\"im_official_1\",\"im_group\":\"im_group_1\",\"im_custom\":\"custom_db\"},\"LE_20000000\":{\"im_account\":\"im_account_2\",\"im_user\":\"im_user_2\",\"im_relation\":\"im_relation_2\",\"im_msg\":\"im_msg_2\",\"im_official\":\"im_official_2\",\"im_group\":\"im_group_2\",\"im_custom\":\"custom_db\"}},\"group_id\":{\"LE_100000\":{\"im_account\":\"im_account_1\",\"im_user\":\"im_user_1\",\"im_relation\":\"im_relation_1\",\"im_msg\":\"im_msg_1\",\"im_official\":\"im_official_1\",\"im_group\":\"im_group_1\",\"im_custom\":\"custom_db\"},\"LE_200000\":{\"im_account\":\"im_account_2\",\"im_user\":\"im_user_2\",\"im_relation\":\"im_relation_2\",\"im_msg\":\"im_msg_2\",\"im_official\":\"im_official_2\",\"im_group\":\"im_group_2\",\"im_custom\":\"custom_db\"}},\"userset_id\":{\"LE_1000000\":{\"im_account\":\"im_account_1\",\"im_user\":\"im_user_1\",\"im_relation\":\"im_relation_1\",\"im_msg\":\"im_msg_1\",\"im_official\":\"im_official_1\",\"im_group\":\"im_group_1\",\"im_custom\":\"custom_db\"},\"LE_2000000\":{\"im_account\":\"im_account_2\",\"im_user\":\"im_user_2\",\"im_relation\":\"im_relation_2\",\"im_msg\":\"im_msg_2\",\"im_official\":\"im_official_2\",\"im_group\":\"im_group_2\",\"im_custom\":\"custom_db\"}},\"string\":{\"LE_4294967295\":{\"im_account\":\"im_account_1\",\"im_user\":\"im_user_1\",\"im_relation\":\"im_relation_1\",\"im_msg\":\"im_msg_1\",\"im_official\":\"im_official_1\",\"im_group\":\"im_group_1\"}}}},\"db_group\":{\"im_account_1\":{\"master_host\":\"192.168.18.81\",\"slave_host\":\"192.168.18.81\",\"port\":3306,\"user\":\"im\",\"password\":\"im123456\",\"charset\":\"utf8mb4\",\"query_permit\":6,\"timeout\":3},\"im_user_1\":{\"master_host\":\"192.168.18.81\",\"slave_host\":\"192.168.18.81\",\"port\":3306,\"user\":\"im\",\"password\":\"im123456\",\"charset\":\"utf8mb4\",\"query_permit\":6,\"timeout\":3},\"im_relation_1\":{\"master_host\":\"192.168.18.81\",\"slave_host\":\"192.168.18.81\",\"port\":3306,\"user\":\"im\",\"password\":\"im123456\",\"charset\":\"utf8mb4\",\"query_permit\":6,\"timeout\":3},\"im_group_1\":{\"master_host\":\"192.168.18.81\",\"slave_host\":\"192.168.18.81\",\"port\":3306,\"user\":\"im\",\"password\":\"im123456\",\"charset\":\"utf8mb4\",\"query_permit\":6,\"timeout\":3},\"im_msg_1\":{\"master_host\":\"192.168.18.81\",\"slave_host\":\"192.168.18.81\",\"port\":3306,\"user\":\"im\",\"password\":\"im123456\",\"charset\":\"utf8mb4\",\"query_permit\":6,\"timeout\":3},\"im_official_1\":{\"master_host\":\"192.168.18.81\",\"slave_host\":\"192.168.18.81\",\"port\":3306,\"user\":\"im\",\"password\":\"im123456\",\"charset\":\"utf8mb4\",\"query_permit\":6,\"timeout\":3},\"custom_db\":{\"master_host\":\"192.168.18.66\",\"slave_host\":\"192.168.18.66\",\"port\":3306,\"user\":\"niiwoowrite\",\"password\":\"njfEWQPbtVRjha\",\"charset\":\"utf8\",\"query_permit\":6,\"timeout\":3}}}','Agent/CmdDbOper.json','2016-11-25 16:25:46',0,0),('DBAGENT_W',0,'{\"node_type\":\"DBAGENT_W\",\"inner_host\":\"192.168.18.79\",\"inner_port\":15005,\"center\":[{\"host\":\"192.168.18.79\",\"port\":15000},{\"host\":\"192.168.18.81\",\"port\":15000}],\"server_name\":\"DbAgentW_imdev\",\"process_num\":2,\"worker_capacity\":1000000,\"config_path\":\"conf/\",\"log_path\":\"log/\",\"max_log_file_num\":5,\"max_log_file_size\":50480000,\"io_timeout\":300,\"step_timeout\":5,\"log_levels\":{\"FATAL\":50000,\"ERROR\":40000,\"WARN\":30000,\"INFO\":20000,\"DEBUG\":10000,\"TRACE\":0},\"log_level\":10000,\"refresh_interval\":60,\"so\":[{\"cmd\":505,\"so_path\":\"plugins/Agent/CmdDbOper.so\",\"entrance_symbol\":\"create\",\"load\":true,\"version\":1},{\"cmd\":511,\"so_path\":\"plugins/Agent/CmdLocateData.so\",\"entrance_symbol\":\"create\",\"load\":true,\"version\":1}]}','DbAgentWrite.json','2016-11-24 16:35:58',0,1),('DBAGENT_W',1,'{\"data_type\":[\"attribute\",\"log\"],\"data_type_enum\":{\"attribute\":1,\"log\":2},\"section_factor\":[\"imid\",\"group_id\",\"string\",\"userset_id\"],\"section_factor_enum\":{\"imid\":1,\"group_id\":2,\"string\":3,\"userset_id\":4},\"factor_section\":{\"imid\":[10000000,20000000],\"group_id\":[100000,200000],\"userset_id\":[1000000,2000000],\"string\":[4294967295]},\"table\":{\"tb_userinfo\":{\"data_type\":1,\"section_factor\":1,\"db_name\":\"db_userinfo\",\"table_num\":100},\"tb_vestinfo\":{\"data_type\":1,\"section_factor\":1,\"db_name\":\"db_userinfo\",\"table_num\":1},\"tb_user_has_group_info\":{\"data_type\":1,\"section_factor\":1,\"db_name\":\"db_userinfo\",\"table_num\":100},\"tb_friends\":{\"data_type\":1,\"section_factor\":1,\"db_name\":\"db_relationship\",\"table_num\":100},\"tb_contacts_friends\":{\"data_type\":1,\"section_factor\":1,\"db_name\":\"db_relationship\",\"table_num\":100},\"tb_sync_user\":{\"data_type\":1,\"section_factor\":3,\"db_name\":\"db_im_account\",\"table_num\":100},\"tb_project_group\":{\"data_type\":1,\"section_factor\":3,\"db_name\":\"db_im_account\",\"table_num\":100},\"tb_nickname_imid\":{\"data_type\":1,\"section_factor\":3,\"db_name\":\"db_im_account\",\"table_num\":100},\"tb_phoneno_imid\":{\"data_type\":1,\"section_factor\":3,\"db_name\":\"db_im_account\",\"table_num\":100},\"tb_group_chat\":{\"data_type\":2,\"section_factor\":2,\"db_name\":\"db_groupmsg\",\"table_num\":100},\"tb_group_notify\":{\"data_type\":2,\"section_factor\":2,\"db_name\":\"db_groupmsg\",\"table_num\":100},\"tb_search_groupinfo\":{\"data_type\":1,\"section_factor\":3,\"db_name\":\"db_search_groupinfo\",\"table_num\":1},\"tb_groupmsg_recv\":{\"data_type\":2,\"section_factor\":1,\"db_name\":\"db_singlemsg\",\"table_num\":100},\"tb_single_chat\":{\"data_type\":2,\"section_factor\":1,\"db_name\":\"db_singlemsg\",\"table_num\":100},\"tb_personal_notify\":{\"data_type\":2,\"section_factor\":1,\"db_name\":\"db_singlemsg\",\"table_num\":100},\"tb_groupinfo\":{\"data_type\":1,\"section_factor\":2,\"db_name\":\"db_group_manage\",\"table_num\":100},\"tb_group_member\":{\"data_type\":1,\"section_factor\":2,\"db_name\":\"db_group_manage\",\"table_num\":100},\"tb_group_apply_verify\":{\"data_type\":2,\"section_factor\":2,\"db_name\":\"db_group_manage\",\"table_num\":100},\"tb_group_invite_verify\":{\"data_type\":2,\"section_factor\":2,\"db_name\":\"db_group_manage\",\"table_num\":100},\"tb_blog\":{\"data_type\":2,\"section_factor\":1,\"db_name\":\"db_community\",\"table_num\":100},\"tb_official\":{\"data_type\":1,\"section_factor\":1,\"db_name\":\"db_official\",\"table_num\":100},\"tb_official_system_account\":{\"data_type\":1,\"section_factor\":1,\"db_name\":\"db_official\",\"table_num\":1},\"tb_official_userset\":{\"data_type\":1,\"section_factor\":4,\"db_name\":\"db_official\",\"table_num\":100},\"tb_official_userset_member\":{\"data_type\":1,\"section_factor\":4,\"db_name\":\"db_official\",\"table_num\":100},\"tb_official_subscriber\":{\"data_type\":1,\"section_factor\":1,\"db_name\":\"db_official\",\"table_num\":100},\"tb_official_user_subscribe\":{\"data_type\":1,\"section_factor\":1,\"db_name\":\"db_official\",\"table_num\":100},\"tb_official_msg\":{\"data_type\":2,\"section_factor\":1,\"db_name\":\"db_official\",\"table_num\":100},\"tb_official_user_last_recv\":{\"data_type\":2,\"section_factor\":1,\"db_name\":\"db_official\",\"table_num\":100},\"tb_official_userset_msg\":{\"data_type\":2,\"section_factor\":4,\"db_name\":\"db_official\",\"table_num\":100},\"tb_official_specified_user_msg\":{\"data_type\":2,\"section_factor\":1,\"db_name\":\"db_official\",\"table_num\":100},\"tb_punish\":{\"data_type\":1,\"section_factor\":1,\"db_name\":\"db_user_management\",\"table_num\":100},\"tb_report_list\":{\"data_type\":2,\"section_factor\":1,\"db_name\":\"db_user_management\",\"table_num\":1},\"tb_sensitive_words\":{\"data_type\":2,\"section_factor\":3,\"db_name\":\"db_im_oss\",\"table_num\":1},\"tb_app_release_patch\":{\"data_type\":1,\"section_factor\":3,\"db_name\":\"db_im_oss\",\"table_num\":1},\"tb_report_prompt\":{\"data_type\":2,\"section_factor\":3,\"db_name\":\"db_im_oss\",\"table_num\":1},\"tcc_chatMsgHistory\":{\"data_type\":2,\"section_factor\":1,\"db_name\":\"niiwoo_log\",\"table_num\":1},\"tb_user_contacts_failed\":{\"data_type\":2,\"section_factor\":3,\"db_name\":\"db_im_contacts\",\"table_num\":1}},\"database\":{\"db_userinfo\":{\"db_group\":\"im_user\"},\"db_search_groupinfo\":{\"db_group\":\"im_account\"},\"db_relationship\":{\"db_group\":\"im_relation\"},\"db_im_account\":{\"db_group\":\"im_account\"},\"db_groupmsg\":{\"db_group\":\"im_msg\"},\"db_singlemsg\":{\"db_group\":\"im_msg\"},\"db_group_manage\":{\"db_group\":\"im_group\"},\"db_community\":{\"db_group\":\"im_msg\"},\"db_user_management\":{\"db_group\":\"im_user\"},\"db_official\":{\"db_group\":\"im_official\"},\"db_im_oss\":{\"db_group\":\"im_account\"},\"db_im_contacts\":{\"db_group\":\"im_user\"},\"niiwoo_log\":{\"db_group\":\"im_custom\"}},\"cluster\":{\"attribute\":{\"imid\":{\"LE_10000000\":{\"im_account\":\"im_account_1\",\"im_user\":\"im_user_1\",\"im_relation\":\"im_relation_1\",\"im_msg\":\"im_msg_1\",\"im_official\":\"im_official_1\",\"im_group\":\"im_group_1\",\"im_custom\":\"custom_db\"},\"LE_20000000\":{\"im_account\":\"im_account_2\",\"im_user\":\"im_user_2\",\"im_relation\":\"im_relation_2\",\"im_msg\":\"im_msg_2\",\"im_official\":\"im_official_2\",\"im_group\":\"im_group_2\",\"im_custom\":\"custom_db\"}},\"group_id\":{\"LE_100000\":{\"im_account\":\"im_account_1\",\"im_user\":\"im_user_1\",\"im_relation\":\"im_relation_1\",\"im_msg\":\"im_msg_1\",\"im_official\":\"im_official_1\",\"im_group\":\"im_group_1\",\"im_custom\":\"custom_db\"},\"LE_200000\":{\"im_account\":\"im_account_2\",\"im_user\":\"im_user_2\",\"im_relation\":\"im_relation_2\",\"im_msg\":\"im_msg_2\",\"im_official\":\"im_official_2\",\"im_group\":\"im_group_2\",\"im_custom\":\"custom_db\"}},\"userset_id\":{\"LE_1000000\":{\"im_account\":\"im_account_1\",\"im_user\":\"im_user_1\",\"im_relation\":\"im_relation_1\",\"im_msg\":\"im_msg_1\",\"im_official\":\"im_official_1\",\"im_group\":\"im_group_1\",\"im_custom\":\"custom_db\"},\"LE_2000000\":{\"im_account\":\"im_account_2\",\"im_user\":\"im_user_2\",\"im_relation\":\"im_relation_2\",\"im_msg\":\"im_msg_2\",\"im_official\":\"im_official_2\",\"im_group\":\"im_group_2\",\"im_custom\":\"custom_db\"}},\"string\":{\"LE_4294967295\":{\"im_account\":\"im_account_1\",\"im_user\":\"im_user_1\",\"im_relation\":\"im_relation_1\",\"im_msg\":\"im_msg_1\",\"im_official\":\"im_official_1\",\"im_group\":\"im_group_1\"}}},\"log\":{\"imid\":{\"LE_10000000\":{\"im_account\":\"im_account_1\",\"im_user\":\"im_user_1\",\"im_relation\":\"im_relation_1\",\"im_msg\":\"im_msg_1\",\"im_official\":\"im_official_1\",\"im_group\":\"im_group_1\",\"im_custom\":\"custom_db\"},\"LE_20000000\":{\"im_account\":\"im_account_2\",\"im_user\":\"im_user_2\",\"im_relation\":\"im_relation_2\",\"im_msg\":\"im_msg_2\",\"im_official\":\"im_official_2\",\"im_group\":\"im_group_2\",\"im_custom\":\"custom_db\"}},\"group_id\":{\"LE_100000\":{\"im_account\":\"im_account_1\",\"im_user\":\"im_user_1\",\"im_relation\":\"im_relation_1\",\"im_msg\":\"im_msg_1\",\"im_official\":\"im_official_1\",\"im_group\":\"im_group_1\",\"im_custom\":\"custom_db\"},\"LE_200000\":{\"im_account\":\"im_account_2\",\"im_user\":\"im_user_2\",\"im_relation\":\"im_relation_2\",\"im_msg\":\"im_msg_2\",\"im_official\":\"im_official_2\",\"im_group\":\"im_group_2\",\"im_custom\":\"custom_db\"}},\"userset_id\":{\"LE_1000000\":{\"im_account\":\"im_account_1\",\"im_user\":\"im_user_1\",\"im_relation\":\"im_relation_1\",\"im_msg\":\"im_msg_1\",\"im_official\":\"im_official_1\",\"im_group\":\"im_group_1\",\"im_custom\":\"custom_db\"},\"LE_2000000\":{\"im_account\":\"im_account_2\",\"im_user\":\"im_user_2\",\"im_relation\":\"im_relation_2\",\"im_msg\":\"im_msg_2\",\"im_official\":\"im_official_2\",\"im_group\":\"im_group_2\",\"im_custom\":\"custom_db\"}},\"string\":{\"LE_4294967295\":{\"im_account\":\"im_account_1\",\"im_user\":\"im_user_1\",\"im_relation\":\"im_relation_1\",\"im_msg\":\"im_msg_1\",\"im_official\":\"im_official_1\",\"im_group\":\"im_group_1\"}}}},\"db_group\":{\"im_account_1\":{\"master_host\":\"192.168.18.81\",\"slave_host\":\"192.168.18.81\",\"port\":3306,\"user\":\"im\",\"password\":\"im123456\",\"charset\":\"utf8mb4\",\"query_permit\":6,\"timeout\":3},\"im_user_1\":{\"master_host\":\"192.168.18.81\",\"slave_host\":\"192.168.18.81\",\"port\":3306,\"user\":\"im\",\"password\":\"im123456\",\"charset\":\"utf8mb4\",\"query_permit\":6,\"timeout\":3},\"im_relation_1\":{\"master_host\":\"192.168.18.81\",\"slave_host\":\"192.168.18.81\",\"port\":3306,\"user\":\"im\",\"password\":\"im123456\",\"charset\":\"utf8mb4\",\"query_permit\":6,\"timeout\":3},\"im_group_1\":{\"master_host\":\"192.168.18.81\",\"slave_host\":\"192.168.18.81\",\"port\":3306,\"user\":\"im\",\"password\":\"im123456\",\"charset\":\"utf8mb4\",\"query_permit\":6,\"timeout\":3},\"im_msg_1\":{\"master_host\":\"192.168.18.81\",\"slave_host\":\"192.168.18.81\",\"port\":3306,\"user\":\"im\",\"password\":\"im123456\",\"charset\":\"utf8mb4\",\"query_permit\":6,\"timeout\":3},\"im_official_1\":{\"master_host\":\"192.168.18.81\",\"slave_host\":\"192.168.18.81\",\"port\":3306,\"user\":\"im\",\"password\":\"im123456\",\"charset\":\"utf8mb4\",\"query_permit\":6,\"timeout\":3},\"custom_db\":{\"master_host\":\"192.168.18.66\",\"slave_host\":\"192.168.18.66\",\"port\":3306,\"user\":\"niiwoowrite\",\"password\":\"njfEWQPbtVRjha\",\"charset\":\"utf8\",\"query_permit\":6,\"timeout\":3}}}','Agent/CmdDbOper.json','2016-11-25 16:12:47',0,0),('INTERFACE',0,'{\"node_type\":\"INTERFACE\",\"access_host\":\"192.168.18.79\",\"access_port\":14007,\"access_codec\":3,\"inner_host\":\"192.168.18.79\",\"inner_port\":15008,\"gateway\":\"test.niiwoo.com\",\"gateway_port\":15221,\"center\":[{\"host\":\"192.168.18.79\",\"port\":15000},{\"host\":\"192.168.18.81\",\"port\":15000}],\"server_name\":\"Interface_imdev\",\"process_num\":6,\"worker_capacity\":1000000,\"config_path\":\"conf/\",\"log_path\":\"log/\",\"max_log_file_num\":10,\"max_log_file_size\":50480000,\"permission\":{\"addr_permit\":{\"stat_interval\":600,\"permit_num\":10000000},\"uin_permit\":{\"stat_interval\":60,\"permit_num\":60}},\"io_timeout\":300,\"step_timeout\":3,\"log_levels\":{\"FATAL\":50000,\"ERROR\":40000,\"WARN\":30000,\"INFO\":20000,\"DEBUG\":10000,\"TRACE\":0},\"log_level\":0,\"refresh_interval\":60,\"so\":[],\"module\":[{\"url_path\":\"/im/switch\",\"so_path\":\"plugins/Interface/ModuleSwitch.so\",\"entrance_symbol\":\"create\",\"load\":true,\"version\":1},{\"url_path\":\"/im/business/guid2imid\",\"so_path\":\"plugins/Interface/ModuleGuid2Imid.so\",\"entrance_symbol\":\"create\",\"load\":true,\"version\":1},{\"url_path\":\"/im/user/friend/unlogin/business/add\",\"so_path\":\"plugins/Interface/ModuleAddFriends.so\",\"entrance_symbol\":\"create\",\"load\":true,\"version\":1},{\"url_path\":\"/im/user/attention/unlogin/isFriends\",\"so_path\":\"plugins/Interface/ModuleIsFriends.so\",\"entrance_symbol\":\"create\",\"load\":true,\"version\":1},{\"url_path\":\"/im/custom/info\",\"so_path\":\"plugins/Interface/ModuleArrangeCustomerService.so\",\"entrance_symbol\":\"create\",\"load\":true,\"version\":1},{\"url_path\":\"/im/user/unlogin/push-borrow-msg\",\"so_path\":\"plugins/Interface/ModulePushQuietLoanMsg.so\",\"entrance_symbol\":\"create\",\"load\":true,\"version\":1},{\"url_path\":\"/im/user/query_user_info\",\"so_path\":\"plugins/Interface/ModuleQueryOtherUserInfo.so\",\"entrance_symbol\":\"create\",\"load\":true,\"version\":1},{\"url_path\":\"/im/user/query_user_info_by_guid\",\"so_path\":\"plugins/Interface/ModuleQueryInfoByBusiId.so\",\"entrance_symbol\":\"create\",\"load\":true,\"version\":1},{\"url_path\":\"/im/user/query_user_info_by_phoneno\",\"so_path\":\"plugins/Interface/ModuleQueryInfoByPhone.so\",\"entrance_symbol\":\"create\",\"load\":true,\"version\":1},{\"url_path\":\"/im/user/query_user_detail_info_by_id\",\"so_path\":\"plugins/Interface/ModuleQueryDetailInfoById.so\",\"entrance_symbol\":\"create\",\"load\":true,\"version\":1},{\"url_path\":\"/im/user/remove_blacklist\",\"so_path\":\"plugins/Interface/ModuleRemoveBlacklist.so\",\"entrance_symbol\":\"createRemoveBlackList\",\"load\":true,\"version\":1},{\"url_path\":\"/im/user/add_blacklist\",\"so_path\":\"plugins/Interface/ModuleAddBlacklist.so\",\"entrance_symbol\":\"createAddBlackList\",\"load\":true,\"version\":1},{\"url_path\":\"/im/user/fetch_blacklist\",\"so_path\":\"plugins/Interface/ModuleFetchBlacklists.so\",\"entrance_symbol\":\"create\",\"load\":true,\"version\":1},{\"url_path\":\"/im/user/checkin_blacklist\",\"so_path\":\"plugins/Interface/ModuleCheckInBlacklist.so\",\"entrance_symbol\":\"create\",\"load\":true,\"version\":1},{\"url_path\":\"/im/relation/attention\",\"so_path\":\"plugins/Interface/ModuleAttention.so\",\"entrance_symbol\":\"create\",\"load\":true,\"version\":1},{\"url_path\":\"/im/relation/cancel_attention\",\"so_path\":\"plugins/Interface/ModuleAttentionCancel.so\",\"entrance_symbol\":\"create\",\"load\":true,\"version\":1},{\"url_path\":\"/im/relation/attention_status\",\"so_path\":\"plugins/Interface/ModuleAttentionRelation.so\",\"entrance_symbol\":\"create\",\"load\":true,\"version\":1},{\"url_path\":\"/im/relation/is_attention\",\"so_path\":\"plugins/Interface/ModuleAttentionStatus.so\",\"entrance_symbol\":\"create\",\"load\":true,\"version\":1},{\"url_path\":\"/im/user/attention/unlogin/isAttention\",\"so_path\":\"plugins/Interface/ModuleIsAttention.so\",\"entrance_symbol\":\"create\",\"load\":true,\"version\":1},{\"url_path\":\"/im/relation/attention_mobile_lists\",\"so_path\":\"plugins/Interface/ModuleAttentionAuto.so\",\"entrance_symbol\":\"create\",\"load\":true,\"version\":1},{\"url_path\":\"/im/relation/guarantor_company\",\"so_path\":\"plugins/Interface/ModuleMicroPiazza.so\",\"entrance_symbol\":\"create\",\"load\":true,\"version\":1},{\"url_path\":\"/im/user/attention/unlogin/mobile-friends\",\"so_path\":\"plugins/Interface/ModuleMobileFriendsQuery.so\",\"entrance_symbol\":\"create\",\"load\":true,\"version\":1},{\"url_path\":\"/im/user/prelogin\",\"so_path\":\"plugins/Interface/ModulePreLogin.so\",\"entrance_symbol\":\"create\",\"load\":true,\"version\":1},{\"url_path\":\"/im/relation/attention_list\",\"so_path\":\"plugins/Interface/ModuleAttentionList.so\",\"entrance_symbol\":\"create\",\"load\":true,\"version\":1},{\"url_path\":\"/im/relation/attention_micro_company\",\"so_path\":\"plugins/Interface/ModuleAttentionMicroCo.so\",\"entrance_symbol\":\"create\",\"load\":true,\"version\":1},{\"url_path\":\"/im/user/attention/unlogin/guaranteeCompany-fansCount-timeSlot\",\"so_path\":\"plugins/Interface/ModulePeriodMicroCoFans.so\",\"entrance_symbol\":\"create\",\"load\":true,\"version\":1},{\"url_path\":\"/im/user/attention/unlogin/guaranteeCompany-fans-page\",\"so_path\":\"plugins/Interface/ModuleMicroCoFansPage.so\",\"entrance_symbol\":\"create\",\"load\":true,\"version\":1},{\"url_path\":\"/im/group/unlogin/business/create\",\"so_path\":\"plugins/Interface/ModuleCreateProjectGroup.so\",\"entrance_symbol\":\"create\",\"load\":true,\"version\":1},{\"url_path\":\"/im/user/unlogin/push-guaranteeCompany-msg\",\"so_path\":\"plugins/Interface/ModulePushMicroGuaranteeCompanyMsg.so\",\"entrance_symbol\":\"create\",\"load\":true,\"version\":1},{\"url_path\":\"/im/user/unlogin/push-common-notify-message\",\"so_path\":\"plugins/Interface/ModulePushNotification.so\",\"entrance_symbol\":\"create\",\"load\":true,\"version\":1},{\"url_path\":\"/im/business/address_book_friend_control\",\"so_path\":\"plugins/Interface/ModuleMobileFriendsCtrl.so\",\"entrance_symbol\":\"create\",\"load\":true,\"version\":1},{\"url_path\":\"/im/group/query_group_by_group_id\",\"so_path\":\"plugins/Interface/ModuleQueryGroupByGroupId.so\",\"entrance_symbol\":\"create\",\"load\":true,\"version\":1},{\"url_path\":\"/im/group/unlogin/userexist\",\"so_path\":\"plugins/Interface/ModuleIsUserInGroup.so\",\"entrance_symbol\":\"create\",\"load\":true,\"version\":1},{\"url_path\":\"/im/user/retrieve_group_name\",\"so_path\":\"plugins/Interface/ModuleSearchGrpInfo.so\",\"entrance_symbol\":\"create\",\"load\":true,\"version\":1},{\"url_path\":\"/im/group/unlogin/redpacket/get\",\"so_path\":\"plugins/Interface/ModuleRedPacketReceivedNotice.so\",\"entrance_symbol\":\"create\",\"load\":true,\"version\":1},{\"url_path\":\"/im/user/query_imid\",\"so_path\":\"plugins/Interface/ModuleSearchUserByPhoneOrNickname.so\",\"entrance_symbol\":\"create\",\"load\":true,\"version\":1},{\"url_path\":\"/im/user/retrieve_user_info\",\"so_path\":\"plugins/Interface/ModuleRetrieveUserInfo.so\",\"entrance_symbol\":\"create\",\"load\":true,\"version\":1},{\"url_path\":\"/im/user/retrieve_microcompany_info\",\"so_path\":\"plugins/Interface/ModuleRetrieveMicroCompany.so\",\"entrance_symbol\":\"create\",\"load\":true,\"version\":1},{\"url_path\":\"/im/user/distance\",\"so_path\":\"plugins/Interface/ModuleLBSP2PDistance.so\",\"entrance_symbol\":\"create\",\"load\":true,\"version\":1},{\"url_path\":\"/im/user/near\",\"so_path\":\"plugins/Interface/ModuleLBSNearPeople.so\",\"entrance_symbol\":\"create\",\"load\":true,\"version\":1},{\"url_path\":\"/im/user/coordinate/upload\",\"so_path\":\"plugins/Interface/ModuleLocationCoordinateUpdate.so\",\"entrance_symbol\":\"create\",\"load\":true,\"version\":1},{\"url_path\":\"/im/group/near\",\"so_path\":\"plugins/Interface/ModuleLBSNearGroup.so\",\"entrance_symbol\":\"create\",\"load\":true,\"version\":1},{\"url_path\":\"/im/community/delete_comment\",\"so_path\":\"plugins/Interface/ModuleDelComment.so\",\"entrance_symbol\":\"create\",\"load\":true,\"version\":1},{\"url_path\":\"/im/community/delete_blog\",\"so_path\":\"plugins/Interface/ModuleDeleteBlog.so\",\"entrance_symbol\":\"create\",\"load\":true,\"version\":1},{\"url_path\":\"/im/community/get_new_blog\",\"so_path\":\"plugins/Interface/ModuleGetNewBlog.so\",\"entrance_symbol\":\"create\",\"load\":true,\"version\":1},{\"url_path\":\"/im/community/home_page\",\"so_path\":\"plugins/Interface/ModuleHomePage.so\",\"entrance_symbol\":\"create\",\"load\":true,\"version\":1},{\"url_path\":\"/im/community/get_user_blog\",\"so_path\":\"plugins/Interface/ModuleGetUserBlog.so\",\"entrance_symbol\":\"create\",\"load\":true,\"version\":1},{\"url_path\":\"/im/user/userinfo\",\"so_path\":\"plugins/Interface/ModuleSearchImidInfo.so\",\"entrance_symbol\":\"create\",\"load\":true,\"version\":1},{\"url_path\":\"/im/community/update_bg_image\",\"so_path\":\"plugins/Interface/ModuleUpdateBgImage.so\",\"entrance_symbol\":\"create\",\"load\":true,\"version\":1},{\"url_path\":\"/im/community/get_blog_detail\",\"so_path\":\"plugins/Interface/ModuleGetBlogDetail.so\",\"entrance_symbol\":\"create\",\"load\":true,\"version\":1},{\"url_path\":\"/im/business/edit_report\",\"so_path\":\"plugins/Interface/ModuleEditReport.so\",\"entrance_symbol\":\"create\",\"load\":true,\"version\":1},{\"url_path\":\"/im/user/report\",\"so_path\":\"plugins/Interface/ModuleReport.so\",\"entrance_symbol\":\"create\",\"load\":true,\"version\":1},{\"url_path\":\"/im/business/query_report_by_page\",\"so_path\":\"plugins/Interface/ModuleQueryReportList.so\",\"entrance_symbol\":\"create\",\"load\":true,\"version\":1},{\"url_path\":\"/im/business/report_detail\",\"so_path\":\"plugins/Interface/ModuleReportDetail.so\",\"entrance_symbol\":\"create\",\"load\":true,\"version\":1},{\"url_path\":\"/im/official/sendmessage\",\"so_path\":\"plugins/Interface/ModuleOfficialSendMessage.so\",\"entrance_symbol\":\"create\",\"load\":true,\"version\":1},{\"url_path\":\"/im/business/set_permission\",\"so_path\":\"plugins/Interface/ModuleSetPermission.so\",\"entrance_symbol\":\"create\",\"load\":true,\"version\":1},{\"url_path\":\"/im/business/forbid_permissions\",\"so_path\":\"plugins/Interface/ModuleForbidPermissions.so\",\"entrance_symbol\":\"create\",\"load\":true,\"version\":1},{\"url_path\":\"/im/storage/locate\",\"so_path\":\"plugins/Interface/ModuleLocateData.so\",\"entrance_symbol\":\"create\",\"load\":true,\"version\":1},{\"url_path\":\"/im/account/user_update\",\"so_path\":\"plugins/Interface/ModuleUserUpdate.so\",\"entrance_symbol\":\"create\",\"load\":true,\"version\":1},{\"url_path\":\"/im/relation/attention_guarantor_list\",\"so_path\":\"plugins/Interface/ModuleAttentionGuarantorList.so\",\"entrance_symbol\":\"create\",\"load\":true,\"version\":1},{\"url_path\":\"/im/Contacts/ModuleGetContactsFailed\",\"so_path\":\"plugins/Interface/ModuleGetContactsFailed.so\",\"entrance_symbol\":\"create\",\"load\":true,\"version\":1},{\"url_path\":\"/im/ModuleRepair/ModuleRepairGroupAvatar\",\"so_path\":\"13123213.so\",\"entrance_symbol\":\"create\",\"load\":true,\"version\":1}],\"custom\":{\"api_permit\":{\"unit_time\":900,\"frequency\":900},\"inner_access_ip\":\"192.168.18.79\",\"object_storage\":\"https://test.niiwoo.com:5007\",\"relative_path\":\"\",\"history_storage\":[\"http://192.168.18.30:81\",\"http://test.niiwoo.com:5007\",\"http://218.17.157.50:4007\",\"http://183.61.242.16:5003\"],\"niiwoo_token\":{\"redis_node\":[\"192.168.18.13:8379\"],\"get_api\":\"http://192.168.18.60:5002/niiwoo-api/niwoportservice.svc/ValidateSessionId\"},\"outer_api\":{\"get_user_info\":\"http://192.168.18.60:5002/niiwoo-api/niwoportservice.svc/getUserInfo\",\"post_java\":\"http://192.168.18.80:8087/txlService/api/insert\",\"post_libra\":\"http://192.168.18.77:8090/uap/api/ubas\"}}}','InterfaceServer.json','2016-11-25 14:26:14',0,1),('LBS',0,'{\"node_type\":\"LBS\",\"inner_host\":\"192.168.18.79\",\"inner_port\":15013,\"center\":[{\"host\":\"192.168.18.79\",\"port\":15000},{\"host\":\"192.168.18.81\",\"port\":15000}],\"server_name\":\"Lbs_imdev\",\"process_num\":4,\"worker_capacity\":1000000,\"config_path\":\"conf/\",\"log_path\":\"log/\",\"max_log_file_num\":5,\"max_log_file_size\":20480000,\"io_timeout\":300,\"log_levels\":{\"FATAL\":50000,\"ERROR\":40000,\"WARN\":30000,\"INFO\":20000,\"DEBUG\":10000,\"TRACE\":0},\"log_level\":10000,\"refresh_interval\":60,\"so\":[{\"cmd\":8001,\"so_path\":\"plugins/LbsServer/CmdLocationCoordinateUpdate.so\",\"entrance_symbol\":\"create\",\"process_num\":0,\"load\":true,\"version\":1},{\"cmd\":8005,\"so_path\":\"plugins/LbsServer/CmdLocationNearPeople.so\",\"entrance_symbol\":\"create\",\"process_num\":0,\"load\":true,\"version\":1},{\"cmd\":8007,\"so_path\":\"plugins/LbsServer/CmdLocationNearGroup.so\",\"entrance_symbol\":\"create\",\"process_num\":0,\"load\":true,\"version\":1},{\"cmd\":8003,\"so_path\":\"plugins/LbsServer/CmdLocationP2PDistance.so\",\"entrance_symbol\":\"create\",\"process_num\":0,\"load\":true,\"version\":1},{\"cmd\":8009,\"so_path\":\"plugins/LbsServer/CmdDeleteGroupCoordinate.so\",\"entrance_symbol\":\"create\",\"process_num\":0,\"load\":true,\"version\":1},{\"cmd\":8011,\"so_path\":\"plugins/LbsServer/CmdDeletePeopleCoordinate.so\",\"entrance_symbol\":\"create\",\"process_num\":0,\"load\":true,\"version\":1}]}','LbsServer.json','2016-11-25 09:36:42',0,1),('LOGIC',0,'{\r\n    \"node_type\":\"LOGIC\",\r\n    \"access_codec\":2,\r\n    \"inner_host\":\"127.0.0.1\",\r\n    \"inner_port\":15003,\r\n    \"worker_num\":10,\r\n    \"gateway\":\"127.0.0.1\",\r\n    \"gateway_port\":14001,\r\n    \"center\":[\r\n        {\"host\":\"127.0.0.1\",\"port\":\"15000\"}\r\n        ],  \r\n    \"server_name\":\"Logic\",\r\n    \"node_ip\":\"127.0.0.1\",\r\n    \"node_port\":15003,\r\n    \"active_time\":16879561651.06,\r\n    \"node\":{\r\n          \"load\":1885792,\"connect\":495873,\"recv_num\":9875526,\"recv_byte\":9885648832,\"send_num\":154846322,\"send_byte\":648469320222,\"client\":495870\r\n    },  \r\n    \"worker\":[\r\n          {\"load\":655666, \"connect\":495873, \"recv_num\":9875526, \"recv_byte\":98856648832, \"send_num\":154846322, \"send_byte\":648469320222, \"client\":195870},\r\n          {\"load\":655666, \"connect\":495873, \"recv_num\":9875526, \"recv_byte\":98856648832, \"send_num\":154846322, \"send_byte\":648469320222, \"client\":195870},\r\n          {\"load\":655666, \"connect\":495873, \"recv_num\":9875526, \"recv_byte\":98856648832, \"send_num\":154846322, \"send_byte\":648469320222, \"client\":195870}\r\n    ],  \r\n\r\n    \"process_num\":1,\r\n    \"worker_capacity\":1000000,\r\n    \"config_path\":\"Logic/\",\r\n    \"log_path\":\"log/\",\r\n    \"node_array_reg\":{\"node_type\":\"LOGIC\", \"node_ip\":\"127.0.0.1\", \"node_port\":15003, \"worker_num\":10},\r\n    \"max_log_file_num\":5,\r\n    \"max_log_file_size\":20480000,\r\n    \"io_timeout\":1.5,\r\n    \"step_timeout\":1.5,\r\n    \"log_levels\":{\"FATAL\":50000, \"ERROR\":40000, \"WARN\":30000, \"INFO\":20000, \"DEBUG\":10000, \"TRACE\":0},\r\n    \"log_level\":10000,\r\n    \"refresh_interval\":10,\r\n    \"so\":[\r\n        {\"cmd\":11, \"so_path\":\"plugins/CmdNodeReport.so\", \"entrance_symbol\":\"create\",\"process_num\":0, \"load\":true, \"version\":1},\r\n        {\"cmd\":13, \"so_path\":\"plugins/CmdNodeReg.so\", \"entrance_symbol\":\"create\",\"process_num\":0, \"load\":true, \"version\":1},\r\n        {\"cmd\":19, \"so_path\":\"plugins/CmdNodeDisconnect.so\", \"entrance_symbol\":\"create\",\"process_num\":0, \"load\":true, \"version\":1},\r\n        {\"cmd\":27, \"so_path\":\"plugins/CmdGetLoadMinServer.so\", \"entrance_symbol\":\"create\",\"process_num\":0, \"load\":true, \"version\":1},\r\n        {\"cmd\":501, \"so_path\":\"plugins/CmdHello.so\", \"entrance_symbol\":\"create\",\"process_num\":0, \"load\":true, \"version\":1}\r\n    ]   \r\n}','LogicServer.json','2018-06-05 13:56:22',0,1),('OSSI',0,'{\"node_type\":\"OSSI\",\"access_host\":\"192.168.18.811\",\"access_port\":14027,\"access_codec\":3,\"inner_host\":\"192.168.18.81\",\"inner_port\":15028,\"center\":[{\"host\":\"192.168.18.79\",\"port\":15000},{\"host\":\"192.168.18.81\",\"port\":15000}],\"server_name\":\"Ossi_imdev\",\"process_num\":6,\"worker_capacity\":1000000,\"config_path\":\"conf/\",\"log_path\":\"log/\",\"max_log_file_num\":10,\"max_log_file_size\":50480000,\"permission\":{\"addr_permit\":{\"stat_interval\":600,\"permit_num\":10000000},\"uin_permit\":{\"stat_interval\":60,\"permit_num\":60}},\"io_timeout\":300,\"step_timeout\":3,\"log_levels\":{\"FATAL\":50000,\"ERROR\":40000,\"WARN\":30000,\"INFO\":20000,\"DEBUG\":10000,\"TRACE\":0},\"log_level\":0,\"refresh_interval\":60,\"so\":[],\"module\":[{\"url_path\":\"/im/switch\",\"so_path\":\"plugins/Interface/ModuleSwitch.so\",\"entrance_symbol\":\"create\",\"load\":true,\"version\":1},{\"url_path\":\"/im/hello\",\"so_path\":\"plugins/Interface/ModuleHello.so\",\"entrance_symbol\":\"create\",\"load\":true,\"version\":1},{\"url_path\":\"/im/guid2token\",\"so_path\":\"plugins/Interface/ModuleHello.so\",\"entrance_symbol\":\"create\",\"load\":true,\"version\":1},{\"url_path\":\"/im/token2guid\",\"so_path\":\"plugins/Interface/ModuleHello.so\",\"entrance_symbol\":\"create\",\"load\":true,\"version\":1},{\"url_path\":\"/im/business/guid2imid\",\"so_path\":\"plugins/Interface/ModuleGuid2Imid.so\",\"entrance_symbol\":\"create\",\"load\":true,\"version\":1},{\"url_path\":\"/im/user/friend/unlogin/business/add\",\"so_path\":\"plugins/Interface/ModuleAddFriends.so\",\"entrance_symbol\":\"create\",\"load\":true,\"version\":1},{\"url_path\":\"/im/user/attention/unlogin/isFriends\",\"so_path\":\"plugins/Interface/ModuleIsFriends.so\",\"entrance_symbol\":\"create\",\"load\":true,\"version\":1},{\"url_path\":\"/im/custom/info\",\"so_path\":\"plugins/Interface/ModuleArrangeCustomerService.so\",\"entrance_symbol\":\"create\",\"load\":true,\"version\":1},{\"url_path\":\"/im/user/unlogin/push-borrow-msg\",\"so_path\":\"plugins/Interface/ModulePushQuietLoanMsg.so\",\"entrance_symbol\":\"create\",\"load\":true,\"version\":1},{\"url_path\":\"/im/user/query_user_info\",\"so_path\":\"plugins/Interface/ModuleQueryOtherUserInfo.so\",\"entrance_symbol\":\"create\",\"load\":true,\"version\":1},{\"url_path\":\"/im/user/query_user_info_by_guid\",\"so_path\":\"plugins/Interface/ModuleQueryInfoByBusiId.so\",\"entrance_symbol\":\"create\",\"load\":true,\"version\":1},{\"url_path\":\"/im/user/query_user_info_by_phoneno\",\"so_path\":\"plugins/Interface/ModuleQueryInfoByPhone.so\",\"entrance_symbol\":\"create\",\"load\":true,\"version\":1},{\"url_path\":\"/im/user/query_user_detail_info_by_id\",\"so_path\":\"plugins/Interface/ModuleQueryDetailInfoById.so\",\"entrance_symbol\":\"create\",\"load\":true,\"version\":1},{\"url_path\":\"/im/user/remove_blacklist\",\"so_path\":\"plugins/Interface/ModuleRemoveBlacklist.so\",\"entrance_symbol\":\"createRemoveBlackList\",\"load\":true,\"version\":1},{\"url_path\":\"/im/user/add_blacklist\",\"so_path\":\"plugins/Interface/ModuleAddBlacklist.so\",\"entrance_symbol\":\"createAddBlackList\",\"load\":true,\"version\":1},{\"url_path\":\"/im/user/fetch_blacklist\",\"so_path\":\"plugins/Interface/ModuleFetchBlacklists.so\",\"entrance_symbol\":\"create\",\"load\":true,\"version\":1},{\"url_path\":\"/im/user/checkin_blacklist\",\"so_path\":\"plugins/Interface/ModuleCheckInBlacklist.so\",\"entrance_symbol\":\"create\",\"load\":true,\"version\":1},{\"url_path\":\"/im/relation/attention\",\"so_path\":\"plugins/Interface/ModuleAttention.so\",\"entrance_symbol\":\"create\",\"load\":true,\"version\":1},{\"url_path\":\"/im/relation/cancel_attention\",\"so_path\":\"plugins/Interface/ModuleAttentionCancel.so\",\"entrance_symbol\":\"create\",\"load\":true,\"version\":1},{\"url_path\":\"/im/relation/attention_status\",\"so_path\":\"plugins/Interface/ModuleAttentionRelation.so\",\"entrance_symbol\":\"create\",\"load\":true,\"version\":1},{\"url_path\":\"/im/relation/is_attention\",\"so_path\":\"plugins/Interface/ModuleAttentionStatus.so\",\"entrance_symbol\":\"create\",\"load\":true,\"version\":1},{\"url_path\":\"/im/user/attention/unlogin/isAttention\",\"so_path\":\"plugins/Interface/ModuleIsAttention.so\",\"entrance_symbol\":\"create\",\"load\":true,\"version\":1},{\"url_path\":\"/im/relation/attention_mobile_lists\",\"so_path\":\"plugins/Interface/ModuleAttentionAuto.so\",\"entrance_symbol\":\"create\",\"load\":true,\"version\":1},{\"url_path\":\"/im/relation/guarantor_company\",\"so_path\":\"plugins/Interface/ModuleMicroPiazza.so\",\"entrance_symbol\":\"create\",\"load\":true,\"version\":1},{\"url_path\":\"/im/user/attention/unlogin/mobile-friends\",\"so_path\":\"plugins/Interface/ModuleMobileFriendsQuery.so\",\"entrance_symbol\":\"create\",\"load\":true,\"version\":1},{\"url_path\":\"/im/user/prelogin\",\"so_path\":\"plugins/Interface/ModulePreLogin.so\",\"entrance_symbol\":\"create\",\"load\":true,\"version\":1},{\"url_path\":\"/im/relation/attention_list\",\"so_path\":\"plugins/Interface/ModuleAttentionList.so\",\"entrance_symbol\":\"create\",\"load\":true,\"version\":1},{\"url_path\":\"/im/relation/attention_micro_company\",\"so_path\":\"plugins/Interface/ModuleAttentionMicroCo.so\",\"entrance_symbol\":\"create\",\"load\":true,\"version\":1},{\"url_path\":\"/im/user/attention/unlogin/guaranteeCompany-fansCount-timeSlot\",\"so_path\":\"plugins/Interface/ModulePeriodMicroCoFans.so\",\"entrance_symbol\":\"create\",\"load\":true,\"version\":1},{\"url_path\":\"/im/user/attention/unlogin/guaranteeCompany-fans-page\",\"so_path\":\"plugins/Interface/ModuleMicroCoFansPage.so\",\"entrance_symbol\":\"create\",\"load\":true,\"version\":1},{\"url_path\":\"/im/group/unlogin/business/create\",\"so_path\":\"plugins/Interface/ModuleCreateProjectGroup.so\",\"entrance_symbol\":\"create\",\"load\":true,\"version\":1},{\"url_path\":\"/im/user/unlogin/push-guaranteeCompany-msg\",\"so_path\":\"plugins/Interface/ModulePushMicroGuaranteeCompanyMsg.so\",\"entrance_symbol\":\"create\",\"load\":true,\"version\":1},{\"url_path\":\"/im/user/unlogin/push-common-notify-message\",\"so_path\":\"plugins/Interface/ModulePushNotification.so\",\"entrance_symbol\":\"create\",\"load\":true,\"version\":1},{\"url_path\":\"/im/business/address_book_friend_control\",\"so_path\":\"plugins/Interface/ModuleMobileFriendsCtrl.so\",\"entrance_symbol\":\"create\",\"load\":true,\"version\":1},{\"url_path\":\"/im/group/query_group_by_group_id\",\"so_path\":\"plugins/Interface/ModuleQueryGroupByGroupId.so\",\"entrance_symbol\":\"create\",\"load\":true,\"version\":1},{\"url_path\":\"/im/group/unlogin/userexist\",\"so_path\":\"plugins/Interface/ModuleIsUserInGroup.so\",\"entrance_symbol\":\"create\",\"load\":true,\"version\":1},{\"url_path\":\"/im/user/retrieve_group_name\",\"so_path\":\"plugins/Interface/ModuleSearchGrpInfo.so\",\"entrance_symbol\":\"create\",\"load\":true,\"version\":1},{\"url_path\":\"/im/group/unlogin/redpacket/get\",\"so_path\":\"plugins/Interface/ModuleRedPacketReceivedNotice.so\",\"entrance_symbol\":\"create\",\"load\":true,\"version\":1},{\"url_path\":\"/im/user/query_imid\",\"so_path\":\"plugins/Interface/ModuleSearchUserByPhoneOrNickname.so\",\"entrance_symbol\":\"create\",\"load\":true,\"version\":1},{\"url_path\":\"/im/user/retrieve_user_info\",\"so_path\":\"plugins/Interface/ModuleRetrieveUserInfo.so\",\"entrance_symbol\":\"create\",\"load\":true,\"version\":1},{\"url_path\":\"/im/user/retrieve_microcompany_info\",\"so_path\":\"plugins/Interface/ModuleRetrieveMicroCompany.so\",\"entrance_symbol\":\"create\",\"load\":true,\"version\":1},{\"url_path\":\"/im/user/distance\",\"so_path\":\"plugins/Interface/ModuleLBSP2PDistance.so\",\"entrance_symbol\":\"create\",\"load\":true,\"version\":1},{\"url_path\":\"/im/user/near\",\"so_path\":\"plugins/Interface/ModuleLBSNearPeople.so\",\"entrance_symbol\":\"create\",\"load\":true,\"version\":1},{\"url_path\":\"/im/user/coordinate/upload\",\"so_path\":\"plugins/Interface/ModuleLocationCoordinateUpdate.so\",\"entrance_symbol\":\"create\",\"load\":true,\"version\":1},{\"url_path\":\"/im/group/near\",\"so_path\":\"plugins/Interface/ModuleLBSNearGroup.so\",\"entrance_symbol\":\"create\",\"load\":true,\"version\":1},{\"url_path\":\"/im/community/comment\",\"so_path\":\"plugins/Interface/ModuleComment.so\",\"entrance_symbol\":\"create\",\"load\":true,\"version\":1},{\"url_path\":\"/im/community/delete_comment\",\"so_path\":\"plugins/Interface/ModuleDelComment.so\",\"entrance_symbol\":\"create\",\"load\":true,\"version\":1},{\"url_path\":\"/im/community/write_blog\",\"so_path\":\"plugins/Interface/ModuleWriteBlog.so\",\"entrance_symbol\":\"create\",\"load\":true,\"version\":1},{\"url_path\":\"/im/community/delete_blog\",\"so_path\":\"plugins/Interface/ModuleDeleteBlog.so\",\"entrance_symbol\":\"create\",\"load\":true,\"version\":1},{\"url_path\":\"/im/community/get_new_blog\",\"so_path\":\"plugins/Interface/ModuleGetNewBlog.so\",\"entrance_symbol\":\"create\",\"load\":true,\"version\":1},{\"url_path\":\"/im/community/home_page\",\"so_path\":\"plugins/Interface/ModuleHomePage.so\",\"entrance_symbol\":\"create\",\"load\":true,\"version\":1},{\"url_path\":\"/im/community/get_user_blog\",\"so_path\":\"plugins/Interface/ModuleGetUserBlog.so\",\"entrance_symbol\":\"create\",\"load\":true,\"version\":1},{\"url_path\":\"/im/user/userinfo\",\"so_path\":\"plugins/Interface/ModuleSearchImidInfo.so\",\"entrance_symbol\":\"create\",\"load\":true,\"version\":1},{\"url_path\":\"/im/community/update_bg_image\",\"so_path\":\"plugins/Interface/ModuleUpdateBgImage.so\",\"entrance_symbol\":\"create\",\"load\":true,\"version\":1},{\"url_path\":\"/im/community/get_blog_detail\",\"so_path\":\"plugins/Interface/ModuleGetBlogDetail.so\",\"entrance_symbol\":\"create\",\"load\":true,\"version\":1},{\"url_path\":\"/im/business/edit_report\",\"so_path\":\"plugins/Interface/ModuleEditReport.so\",\"entrance_symbol\":\"create\",\"load\":true,\"version\":1},{\"url_path\":\"/im/user/report\",\"so_path\":\"plugins/Interface/ModuleReport.so\",\"entrance_symbol\":\"create\",\"load\":true,\"version\":1},{\"url_path\":\"/im/business/query_report_by_page\",\"so_path\":\"plugins/Interface/ModuleQueryReportList.so\",\"entrance_symbol\":\"create\",\"load\":true,\"version\":1},{\"url_path\":\"/im/business/report_detail\",\"so_path\":\"plugins/Interface/ModuleQueryReportDetails.so\",\"entrance_symbol\":\"create\",\"load\":true,\"version\":1},{\"url_path\":\"/im/official/sendmessage\",\"so_path\":\"plugins/Interface/ModuleOfficialSendMessage.so\",\"entrance_symbol\":\"create\",\"load\":true,\"version\":1},{\"url_path\":\"/im/business/forbid_permissions\",\"so_path\":\"plugins/Interface/ModuleForbidPermissions.so\",\"entrance_symbol\":\"create\",\"load\":true,\"version\":1},{\"url_path\":\"/im/account/push_token\",\"so_path\":\"plugins/Interface/ModulePushToken.so\",\"entrance_symbol\":\"create\",\"load\":true,\"version\":1},{\"url_path\":\"/im/storage/locate\",\"so_path\":\"plugins/Interface/ModuleLocateData.so\",\"entrance_symbol\":\"create\",\"load\":true,\"version\":1},{\"url_path\":\"/im/account/user_update\",\"so_path\":\"plugins/Interface/ModuleUserUpdate.so\",\"entrance_symbol\":\"create\",\"load\":true,\"version\":1},{\"url_path\":\"/im/Repair/ModuleRepairUserInfo\",\"so_path\":\"plugins/Interface/ModuleRepairUserInfo.so\",\"entrance_symbol\":\"create\",\"load\":true,\"version\":1},{\"url_path\":\"/im/relation/attention_guarantor_list\",\"so_path\":\"plugins/Interface/ModuleAttentionGuarantorList.so\",\"entrance_symbol\":\"create\",\"load\":true,\"version\":1}],\"custom\":{\"api_permit\":{\"unit_time\":900,\"frequency\":900},\"inner_access_ip\":\"192.168.18.81\",\"inner_access_port\":15001,\"object_storage\":\"http://test.niiwoo.com:5007\",\"relative_path\":\"\",\"history_storage\":[\"http://192.168.18.30:81\",\"http://test.niiwoo.com:5007\",\"http://218.17.157.50:4007\",\"http://183.61.242.16:5003\"],\"dev\":\"http://192.168.18.30:81\",\"test\":\"http://test.niiwoo.com:5007\",\"beta\":\"http://218.17.157.50:4007\",\"relase\":\"http://183.61.242.16:5003\",\"niiwoo_token\":{\"redis_node\":[\"192.168.18.13:8379\"],\"get_api\":\"http://192.168.18.60:5002/niiwoo-api/niwoportservice.svc/ValidateSessionId\"},\"outer_api\":{\"get_user_info\":\"http://192.168.18.60:5002/niiwoo-api/niwoportservice.svc/getUserInfo\",\"post_java\":\"http://192.168.18.81:8087/txlService/api/insert\",\"post_libra\":\"http://192.168.18.85:8090/uap/api/ubas\"}}}','OssiServer.json','2016-11-25 14:22:16',0,1),('OSSI',1,'{\"module\":[{\"node_type\":[\"DEMO\"],\"url_path\":\"/im/hello_switch\",\"cmd\":62001,\"guid2imid\":{\"guid_key_in\":\"\",\"guid_key\":\"\",\"imid_as_session_id\":false},\"additional\":false,\"session_id\":{\"position\":\"header\",\"key_in\":\"cookie\",\"key\":\"imid\"}},{\"node_type\":[\"OSSI\"],\"url_path\":\"/im/oss/chat_friends\",\"cmd\":4017,\"guid2imid\":{\"guid_key_in\":\"\",\"guid_key\":\"guid\",\"imid_as_session_id\":true},\"additional\":true},{\"node_type\":[\"OSSI\"],\"url_path\":\"/im/oss/p2p_chat\",\"cmd\":4019,\"additional\":false,\"session_id\":{\"position\":\"body\",\"key_in\":\"\",\"key\":\"self_imid\"}},{\"node_type\":[\"OSSI\"],\"url_path\":\"/im/oss/chat_groups\",\"cmd\":4021,\"guid2imid\":{\"guid_key_in\":\"\",\"guid_key\":\"guid\",\"imid_as_session_id\":true},\"additional\":true},{\"node_type\":[\"OSSI\"],\"url_path\":\"/im/oss/group_chat\",\"cmd\":4023,\"session_id\":{\"position\":\"body\",\"key_in\":\"\",\"key\":\"group_id\"}},{\"node_type\":[\"OSSI\",\"INTERFACE\"],\"url_path\":\"/im/community/write_blog\",\"cmd\":6005,\"additional\":true,\"session_id\":{\"position\":\"header\",\"key_in\":\"cookie\",\"key\":\"imid\"}},{\"node_type\":[\"OSSI\",\"INTERFACE\"],\"url_path\":\"/im/community/comment\",\"cmd\":6009,\"additional\":true,\"session_id\":{\"position\":\"header\",\"key_in\":\"cookie\",\"key\":\"imid\"}},{\"node_type\":[\"OSSI\",\"INTERFACE\"],\"url_path\":\"/im/community/get_comment\",\"cmd\":6017,\"additional\":true,\"session_id\":{\"position\":\"header\",\"key_in\":\"cookie\",\"key\":\"imid\"}},{\"node_type\":[\"OSSI\",\"INTERFACE\"],\"url_path\":\"/im/community/get_thumb_up\",\"cmd\":6019,\"additional\":true,\"session_id\":{\"position\":\"header\",\"key_in\":\"cookie\",\"key\":\"imid\"}},{\"node_type\":[\"OSSI\",\"INTERFACE\"],\"url_path\":\"/im/community/thumb_up\",\"cmd\":6013,\"additional\":true,\"session_id\":{\"position\":\"header\",\"key_in\":\"cookie\",\"key\":\"imid\"}},{\"node_type\":[\"OSSI\"],\"url_path\":\"/im/account/push_token\",\"cmd\":7005},{\"node_type\":[\"OSSI\"],\"url_path\":\"/im/oss/check_sensitive\",\"cmd\":10005},{\"node_type\":[\"OSSI\"],\"url_path\":\"/im/oss/check_server_config\",\"cmd\":10009,\"to_node\":\"CENTER\"},{\"node_type\":[\"OSSI\"],\"url_path\":\"/im/oss/update_server_config\",\"cmd\":10011,\"to_node\":\"CENTER\",\"session_id\":{\"position\":\"body\",\"key_in\":\"\",\"key\":\"config_type\"}},{\"node_type\":[\"OSSI\"],\"url_path\":\"/im/oss/check_server_load\",\"cmd\":10013,\"to_node\":\"CENTER\"},{\"node_type\":[\"OSSI\"],\"url_path\":\"/im/oss/offline_node\",\"cmd\":10015,\"to_node\":\"CENTER\"},{\"node_type\":[\"OSSI\"],\"url_path\":\"/im/oss/update_sensitive\",\"cmd\":10007,\"session_id\":{\"position\":\"header\",\"key_in\":\"cookie\",\"key\":\"imid\"}},{\"node_type\":[\"OSSI\"],\"url_path\":\"/im/oss/online_node\",\"cmd\":10017,\"to_node\":\"CENTER\"},{\"node_type\":[\"OSSI\"],\"url_path\":\"/im/business/set_permission\",\"cmd\":11001,\"guid2imid\":{\"guid_key_in\":\"\",\"guid_key\":\"guid\",\"imid_as_session_id\":true},\"additional\":true},{\"node_type\":[\"OSSI\"],\"url_path\":\"/im/business/forbid_permissions\",\"cmd\":11003,\"guid2imid\":{\"guid_key_in\":\"\",\"guid_key\":\"guid\",\"imid_as_session_id\":true},\"additional\":true},{\"node_type\":[\"OSSI\"],\"url_path\":\"/im/oss/update_report_prompt\",\"cmd\":11005},{\"node_type\":[\"OSSI\"],\"url_path\":\"/im/oss/query_group_info\",\"cmd\":11007,\"session_id\":{\"position\":\"body\",\"key_in\":\"\",\"key\":\"group_id\"}},{\"node_type\":[\"OSSI\"],\"url_path\":\"/im/oss/query_group_member\",\"cmd\":11009},{\"node_type\":[\"ACTINTERFACE\"],\"url_path\":\"/im/activities/query_user_friends_memoirist\",\"cmd\":10501,\"to_node\":\"ACTLOGIC\"},{\"node_type\":[\"ACTINTERFACE\"],\"url_path\":\"/im/activities/query_user_blogs_memoirist\",\"cmd\":10503,\"to_node\":\"ACTLOGIC\"},{\"node_type\":[\"OSSI\",\"INTERFACE\"],\"url_path\":\"/im/user/friend/unlogin/business/add\",\"cmd\":12001},{\"node_type\":[\"OSSI\"],\"url_path\":\"/im/oss/dissolve_group\",\"cmd\":11019,\"session_id\":{\"position\":\"body\",\"key_in\":\"\",\"key\":\"group_id\"},\"additional\":true},{\"node_type\":[\"OSSI\"],\"url_path\":\"/im/oss/group_remove_user\",\"cmd\":11021,\"session_id\":{\"position\":\"body\",\"key_in\":\"\",\"key\":\"group_id\"},\"additional\":true},{\"node_type\":[\"OSSI\"],\"url_path\":\"/im/user/release_patch_package\",\"cmd\":64533,\"additional\":true},{\"node_type\":[\"OSSI\"],\"url_path\":\"/im/user/remove_patch_package\",\"cmd\":64535,\"additional\":true}]}','ModuleSwitch.json','2016-11-25 10:28:05',0,0),('PROXY',0,'{\"node_type\":\"PROXY\",\"inner_host\":\"192.168.18.81\",\"inner_port\":15004,\"center\":[{\"host\":\"192.168.18.79\",\"port\":15000},{\"host\":\"192.168.18.81\",\"port\":15000}],\"server_name\":\"DataProxy_imdev\",\"process_num\":6,\"worker_capacity\":1000000,\"config_path\":\"conf/\",\"log_path\":\"log/\",\"max_log_file_num\":5,\"max_log_file_size\":204800000,\"io_timeout\":300,\"step_timeout\":2.500000,\"log_levels\":{\"FATAL\":50000,\"ERROR\":40000,\"WARN\":30000,\"INFO\":20000,\"DEBUG\":10000,\"TRACE\":0},\"log_level\":0,\"refresh_interval\":60,\"so\":[{\"cmd\":505,\"so_path\":\"plugins/Proxy/CmdDataProxy.so\",\"entrance_symbol\":\"create\",\"load\":true,\"version\":2},{\"cmd\":511,\"so_path\":\"plugins/Proxy/CmdLocateData.so\",\"entrance_symbol\":\"create\",\"load\":true,\"version\":2}]}','DataProxyServer.json','2016-11-25 10:33:34',0,1),('PROXY',1,'{\"data_type\":[\"attribute\",\"log\"],\"data_type_enum\":{\"attribute\":1,\"log\":2},\"section_factor\":[\"imid\",\"group_id\",\"string\",\"userset_id\"],\"section_factor_enum\":{\"imid\":1,\"group_id\":2,\"string\":3,\"userset_id\":4},\"factor_section\":{\"imid\":[10000000,20000000],\"group_id\":[100000,200000],\"userset_id\":[1000000,2000000],\"string\":[4294967295]},\"hash_algorithms\":{\"hash_fnv1a_64\":0,\"hash_fnv1_64\":1,\"murmur3_32\":2},\"hash_algorithm\":2,\"virtual_node_num\":256,\"cluster\":{\"attribute\":{\"imid\":{\"LE_10000000\":[\"im_attribute_1\",\"im_attribute_2\",\"im_attribute_3\",\"im_attribute_4\"],\"LE_20000000\":[\"im_attribute_5\",\"im_attribute_6\",\"im_attribute_7\",\"im_attribute_8\"]},\"group_id\":{\"LE_100000\":[\"im_attribute_1\",\"im_attribute_2\",\"im_attribute_3\",\"im_attribute_4\"],\"LE_200000\":[\"im_attribute_5\",\"im_attribute_6\",\"im_attribute_7\",\"im_attribute_8\"]},\"userset_id\":{\"LE_1000000\":[\"im_attribute_1\",\"im_attribute_2\",\"im_attribute_3\",\"im_attribute_4\"],\"LE_2000000\":[\"im_attribute_5\",\"im_attribute_6\",\"im_attribute_7\",\"im_attribute_8\"]},\"string\":{\"LE_4294967295\":[\"im_attribute_account_1\",\"im_attribute_account_2\",\"im_attribute_account_3\",\"im_attribute_account_4\"]}},\"log\":{\"imid\":{\"LE_10000000\":[\"im_log_1\",\"im_log_2\",\"im_log_3\",\"im_log_4\"],\"LE_20000000\":[\"im_log_5\",\"im_log_6\",\"im_log_7\",\"im_log_8\"]},\"group_id\":{\"LE_100000\":[\"im_log_1\",\"im_log_2\",\"im_log_3\",\"im_log_4\"],\"LE_200000\":[\"im_log_5\",\"im_log_6\",\"im_log_7\",\"im_log_8\"]},\"userset_id\":{\"LE_1000000\":[\"im_log_1\",\"im_log_2\",\"im_log_3\",\"im_log_4\"],\"LE_2000000\":[\"im_log_5\",\"im_log_6\",\"im_log_7\",\"im_log_8\"]},\"string\":{\"LE_4294967295\":[\"im_log_1\",\"im_log_2\",\"im_log_3\",\"im_log_4\"]}}},\"redis_group\":{\"im_attribute_account_1\":{\"master\":\"192.168.18.81:7379\",\"slave\":\"192.168.18.79:7379\"},\"im_attribute_account_2\":{\"master\":\"192.168.18.81:7380\",\"slave\":\"192.168.18.79:7380\"},\"im_attribute_account_3\":{\"master\":\"192.168.18.81:7381\",\"slave\":\"192.168.18.79:7381\"},\"im_attribute_account_4\":{\"master\":\"192.168.18.81:7382\",\"slave\":\"192.168.18.79:7382\"},\"im_attribute_1\":{\"master\":\"192.168.18.81:17379\",\"slave\":\"192.168.18.79:17379\"},\"im_attribute_2\":{\"master\":\"192.168.18.81:17380\",\"slave\":\"192.168.18.79:17380\"},\"im_attribute_3\":{\"master\":\"192.168.18.81:17381\",\"slave\":\"192.168.18.79:17381\"},\"im_attribute_4\":{\"master\":\"192.168.18.81:17382\",\"slave\":\"192.168.18.79:17382\"},\"im_attribute_5\":{\"master\":\"192.168.18.79:17383\",\"slave\":\"192.168.18.81:17383\"},\"im_attribute_6\":{\"master\":\"192.168.18.79:17384\",\"slave\":\"192.168.18.81:17384\"},\"im_attribute_7\":{\"master\":\"192.168.18.79:17385\",\"slave\":\"192.168.18.81:17385\"},\"im_attribute_8\":{\"master\":\"192.168.18.79:17386\",\"slave\":\"192.168.18.81:17386\"},\"im_log_1\":{\"master\":\"192.168.18.81:27379\",\"slave\":\"192.168.18.79:27379\"},\"im_log_2\":{\"master\":\"192.168.18.81:27380\",\"slave\":\"192.168.18.79:27380\"},\"im_log_3\":{\"master\":\"192.168.18.81:27381\",\"slave\":\"192.168.18.79:27381\"},\"im_log_4\":{\"master\":\"192.168.18.81:27382\",\"slave\":\"192.168.18.79:27382\"},\"im_log_5\":{\"master\":\"192.168.18.79:27383\",\"slave\":\"192.168.18.81:27383\"},\"im_log_6\":{\"master\":\"192.168.18.79:27384\",\"slave\":\"192.168.18.81:27384\"},\"im_log_7\":{\"master\":\"192.168.18.79:27385\",\"slave\":\"192.168.18.81:27385\"},\"im_log_8\":{\"master\":\"192.168.18.79:27386\",\"slave\":\"192.168.18.81:27386\"}}}','Proxy/CmdDataProxy.json','2016-11-25 10:38:19',0,0),('PROXY',2,'{\"brief\":\"redisæ•°æ®ç»“æž„ä¸ŽDBè¡¨å¯¹åº”å…³ç³»\",\"note\":\"æ‰€æœ‰æ•°æ®ç»“æž„éƒ½éœ€è¦åœ¨æ­¤é…ç½®ï¼Œå³ä¾¿æ˜¯æ— å¯¹åº”çš„DBè¡¨ã€‚relativeä¸­çš„tableè¡¨ç¤ºredisæ•°æ®ç»“æž„ä¸Žè¡¨æ— å¼ºå…³è”å…³ç³»æˆ–redisçš„hash\",\"see\":\"http://192.168.18.14/svn/niiwoo/im/trunk/IM3.0/doc/IM3.0Redisæ•°æ®ç»“æž„è®¾è®¡è¯´æ˜Žä¹¦\",\"data_type\":[\"attribute\",\"log\"],\"data_type_enum\":{\"attribute\":1,\"log\":2},\"section_factor\":[\"imid\",\"group_id\",\"string\",\"userset_id\"],\"section_factor_enum\":{\"imid\":1,\"group_id\":2,\"string\":3,\"userset_id\":4},\"relative\":{\"table\":0,\"dataset\":1,\"join\":2},\"redis_struct\":{\"1\":{\"data_type\":1,\"section_factor\":1,\"ttl\":0,\"table\":\"tb_userinfo\",\"relative\":0},\"2\":{\"data_type\":1,\"section_factor\":1,\"ttl\":0,\"table\":\"tb_friends\",\"relative\":1,\"key_field\":\"obj_imid\"},\"3\":{\"data_type\":1,\"section_factor\":2,\"ttl\":0,\"table\":\"tb_groupinfo\",\"relative\":0},\"4\":{\"data_type\":1,\"section_factor\":2,\"ttl\":0,\"table\":\"tb_group_member\",\"relative\":1,\"key_field\":\"imid\"},\"5\":{\"data_type\":1,\"section_factor\":1,\"ttl\":604800},\"6\":{\"data_type\":1,\"section_factor\":3,\"ttl\":0},\"7\":{\"data_type\":1,\"section_factor\":3,\"ttl\":0,\"table\":\"tb_sync_user\",\"relative\":2,\"join_fields\":[\"imid\"]},\"8\":{\"data_type\":1,\"section_factor\":1,\"ttl\":0,\"table\":\"tb_user_has_group_info\",\"relative\":1,\"key_field\":\"group_id\"},\"9\":{\"data_type\":1,\"section_factor\":3,\"ttl\":0},\"11\":{\"data_type\":1,\"section_factor\":1,\"ttl\":0,\"table\":\"tb_vestinfo\",\"relative\":0},\"12\":{\"data_type\":1,\"section_factor\":3,\"ttl\":0,\"table\":\"tb_project_group\",\"relative\":0},\"13\":{\"data_type\":1,\"section_factor\":1,\"ttl\":15897600},\"14\":{\"data_type\":1,\"section_factor\":1,\"ttl\":0,\"table\":\"tb_contacts_friends\",\"relative\":1,\"key_field\":\"obj_imid\"},\"15\":{\"data_type\":1,\"section_factor\":1,\"ttl\":0,\"table\":\"tb_friends\",\"relative\":2,\"key_field\":\"create_time\",\"join_fields\":[\"obj_imid\"]},\"16\":{\"data_type\":1,\"section_factor\":1,\"ttl\":0,\"table\":\"tb_friends\",\"relative\":2,\"key_field\":\"create_time\",\"join_fields\":[\"obj_imid\"]},\"17\":{\"data_type\":1,\"section_factor\":3,\"ttl\":0,\"table\":\"tb_phoneno_imid\",\"relative\":2,\"join_fields\":[\"imid\"]},\"18\":{\"data_type\":1,\"section_factor\":3,\"ttl\":0,\"table\":\"tb_nickname_imid\",\"relative\":2,\"join_fields\":[\"imid\"]},\"19\":{\"data_type\":1,\"section_factor\":1,\"ttl\":0,\"table\":\"tb_official\",\"relative\":0},\"20\":{\"data_type\":1,\"section_factor\":1,\"ttl\":0,\"table\":\"tb_official_user_subscribe\",\"relative\":1,\"key_field\":\"official_imid\"},\"21\":{\"data_type\":1,\"section_factor\":4,\"ttl\":0,\"table\":\"tb_official_userset_member\",\"relative\":2,\"key_field\":\"record_time\",\"join_fields\":[\"imid\"]},\"22\":{\"data_type\":1,\"section_factor\":1,\"ttl\":0,\"table\":\"tb_official_system_account\",\"relative\":2,\"join_fields\":[\"official_imid\"]},\"23\":{\"data_type\":1,\"section_factor\":3,\"ttl\":0,\"table\":\"tb_sensitive_words\",\"relative\":2,\"join_fields\":[\"word\"]},\"24\":{\"data_type\":1,\"section_factor\":3,\"ttl\":0,\"table\":\"tb_app_release_patch\",\"relative\":1,\"key_field\":\"patch_id\"},\"1001\":{\"data_type\":2,\"section_factor\":1,\"ttl\":0,\"table\":\"tb_single_chat\",\"relative\":1,\"key_field\":\"msgid\"},\"1002\":{\"data_type\":2,\"section_factor\":1,\"ttl\":0,\"table\":\"tb_single_chat\",\"relative\":2,\"join_fields\":[\"send_imid\"]},\"1003\":{\"data_type\":2,\"section_factor\":2,\"ttl\":604800,\"table\":\"tb_group_chat\",\"relative\":1,\"key_field\":\"msgid\"},\"1004\":{\"data_type\":2,\"section_factor\":2,\"ttl\":604800,\"table\":\"tb_group_chat\",\"relative\":2,\"join_fields\":[\"msgid\"]},\"1005\":{\"data_type\":2,\"section_factor\":1,\"ttl\":0,\"table\":\"tb_groupmsg_recv\",\"relative\":2,\"key_field\":\"group_id\",\"join_fields\":[\"msgid\"]},\"1006\":{\"data_type\":2,\"section_factor\":3,\"ttl\":0},\"1007\":{\"data_type\":2,\"section_factor\":1,\"ttl\":7948800,\"table\":\"tb_personal_notify\",\"relative\":1},\"1008\":{\"data_type\":2,\"section_factor\":1,\"ttl\":0,\"table\":\"tb_personal_notify\",\"relative\":2,\"join_fields\":[\"msgid\"]},\"1009\":{\"data_type\":2,\"section_factor\":2,\"ttl\":2678400,\"table\":\"tb_group_notify\",\"relative\":1},\"1010\":{\"data_type\":2,\"section_factor\":2,\"ttl\":2678400,\"table\":\"tb_group_notify\",\"relative\":2,\"key_field\":\"msgid\",\"join_fields\":[\"msgid\"]},\"1011\":{\"data_type\":2,\"section_factor\":1,\"ttl\":0},\"1012\":{\"data_type\":2,\"section_factor\":3,\"ttl\":86400},\"1013\":{\"data_type\":2,\"section_factor\":1,\"ttl\":604800,\"table\":\"tb_blog\",\"relative\":1,\"key_field\":\"msgid\"},\"1014\":{\"data_type\":2,\"section_factor\":1,\"ttl\":0,\"table\":\"tb_blog\",\"relative\":2,\"key_field\":\"msgid\",\"join_fields\":[\"msgid\"]},\"1015\":{\"data_type\":2,\"section_factor\":1,\"ttl\":0},\"1016\":{\"data_type\":2,\"section_factor\":1,\"ttl\":604800,\"table\":\"tb_blog\",\"relative\":2,\"key_field\":\"imid\",\"join_fields\":[\"msgid\"]},\"1017\":{\"data_type\":2,\"section_factor\":1,\"ttl\":604800,\"table\":\"tb_blog\",\"relative\":2,\"join_fields\":[\"msgid\"]},\"1018\":{\"data_type\":2,\"section_factor\":1,\"ttl\":2678400,\"table\":\"tb_official_msg\",\"relative\":1},\"1019\":{\"data_type\":2,\"section_factor\":4,\"ttl\":2678400,\"table\":\"tb_official_userset_msg\",\"relative\":2,\"key_field\":\"msgid\",\"join_fields\":[\"send_imid\",\"msgid\"]},\"1020\":{\"data_type\":2,\"section_factor\":1,\"ttl\":0,\"table\":\"tb_official_user_last_recv\",\"relative\":1,\"key_field\":\"userset_id\"},\"1021\":{\"data_type\":2,\"section_factor\":1,\"ttl\":0,\"table\":\"tb_official_specified_user_msg\",\"relative\":2,\"join_fields\":[\"send_imid\",\"msgid\"]},\"1022\":{\"data_type\":2,\"section_factor\":1,\"ttl\":0,\"table\":\"tb_single_chat\",\"relative\":1,\"key_field\":\"msgid\"}},\"tables\":{\"tb_userinfo\":{\"data_type\":1,\"section_factor\":1,\"cols\":[\"imid\",\"guid\",\"nickname\",\"avatar_url\",\"introduction\",\"gender\",\"password\",\"is_punished\",\"home_image\",\"location\",\"last_login_time\",\"last_logout_time\",\"login_num\",\"online_time\",\"be_black_num\",\"blog_num\",\"be_report_num\",\"single_chat_send_num\",\"group_chat_send_num\",\"single_chat_recv_num\",\"group_chat_recv_num\",\"member_level\",\"thumb_up_num\",\"be_thumb_up_num\",\"comment_num\",\"be_comment_num\",\"group_num\",\"project_num\",\"friends_num\",\"fans_num\",\"attentioned_num\",\"contacts_num\",\"user_type\",\"user_identity\",\"company\",\"occupation\",\"mobile\",\"industry\",\"create_time\",\"update_time\",\"login_history\"]},\"tb_vestinfo\":{\"data_type\":1,\"section_factor\":1,\"cols\":[\"imid\",\"nickname\",\"guid\",\"avatar_url\",\"description\",\"province\",\"city\",\"area\",\"verify_info\",\"hotline\",\"del_flag\",\"record_time\"]},\"tb_user_has_group_info\":{\"data_type\":1,\"section_factor\":1,\"cols\":[\"imid\",\"group_id\",\"group_name\",\"group_avatar_url\",\"group_type\",\"group_member_num\",\"in_project_role\",\"in_group_role\",\"block_type\",\"record_time\"]},\"tb_contacts_friends\":{\"data_type\":1,\"section_factor\":1,\"cols\":[\"imid\",\"guid\",\"obj_imid\",\"obj_guid\",\"type\",\"record_time\",\"update_time\",\"repeat_operation_times\"]},\"tb_friends\":{\"data_type\":1,\"section_factor\":1,\"cols\":[\"imid\",\"guid\",\"obj_imid\",\"obj_guid\",\"obj_nickname\",\"obj_avatar_url\",\"remark\",\"relation\",\"relation_from\",\"relation_time\",\"create_time\",\"update_time\"]},\"tb_nickname_imid\":{\"data_type\":1,\"section_factor\":3,\"cols\":[\"nickname\",\"imid\",\"record_time\"]},\"tb_phoneno_imid\":{\"data_type\":1,\"section_factor\":3,\"cols\":[\"sphoneno\",\"imid\",\"record_time\"]},\"tb_project_group\":{\"data_type\":1,\"section_factor\":3,\"cols\":[\"project_id\",\"group_id\",\"record_time\"]},\"tb_sync_user\":{\"data_type\":1,\"section_factor\":3,\"cols\":[\"guid\",\"imid\",\"record_time\"]},\"tb_group_apply_verify\":{\"data_type\":2,\"section_factor\":2,\"cols\":[\"group_id\",\"msgid\",\"apply_imid\",\"apply_guid\",\"nickname\",\"apply_avatar\",\"apply_time\",\"apply_content\",\"verify_time\",\"verify_status\",\"manager_id\",\"reply_content\",\"manager_notify_flag\",\"manager_notify_time\",\"apply_notify_flag\",\"apply_notify_time\"]},\"tb_groupinfo\":{\"data_type\":1,\"section_factor\":2,\"cols\":[\"group_id\",\"owner_imid\",\"owner_guid\",\"group_name\",\"group_theme\",\"group_avatar\",\"group_intro\",\"group_type\",\"is_valid\",\"group_scale\",\"group_count\",\"is_public\",\"joinverify_type\",\"group_loc\",\"group_liveness\",\"create_time\",\"update_time\",\"project_id\"]},\"tb_group_invite_verify\":{\"data_type\":2,\"section_factor\":2,\"cols\":[\"group_id\",\"msgid\",\"be_invite_imid\",\"be_invite_guid\",\"be_invite_name\",\"be_invite_avatar\",\"invite_imid\",\"invite_guid\",\"invite_name\",\"invite_avatar\",\"invite_time\",\"invite_content\",\"verify_time\",\"verify_status\",\"manager_id\",\"reply_content\",\"manager_notify_flag\",\"manager_notify_time\"]},\"tb_group_member\":{\"data_type\":1,\"section_factor\":2,\"cols\":[\"group_id\",\"imid\",\"guid\",\"card\",\"nickname\",\"avatar\",\"join_time\",\"group_role\",\"block_type\",\"biz_type\",\"liveness\",\"member_status\",\"update_time\"]},\"tb_punish\":{\"data_type\":1,\"section_factor\":1,\"cols\":[\"imid\",\"guid\",\"permissions\",\"start_time\",\"end_time\",\"description\",\"manager_id\",\"state\",\"record_time\",\"forbidden_type\"]},\"tb_report_list\":{\"data_type\":2,\"section_factor\":1,\"cols\":[\"msgid\",\"imid\",\"informant_imid\",\"informant_guid\",\"be_reported_imid\",\"be_reported_guid\",\"content\",\"state\",\"report_type\",\"remark\",\"manager_id\",\"manager_desc\",\"report_time\",\"verify_time\",\"picture_evidence\",\"be_reported_group_id\",\"be_reported_group_name\",\"report_source\"]},\"tb_groupmsg_recv\":{\"data_type\":2,\"section_factor\":1,\"cols\":[\"recv_imid\",\"recv_guid\",\"group_id\",\"msgid\",\"record_time\"]},\"tb_personal_notify\":{\"data_type\":2,\"section_factor\":1,\"cols\":[\"msgid\",\"imid\",\"send_imid\",\"send_guid\",\"recv_imid\",\"recv_guid\",\"msg_type\",\"attribute_body\",\"send_flag\",\"cmd_identify\",\"record_time\"]},\"tb_single_chat\":{\"data_type\":2,\"section_factor\":1,\"cols\":[\"msgid\",\"imid\",\"send_imid\",\"send_guid\",\"recv_imid\",\"recv_guid\",\"msg_type\",\"attribute_body\",\"send_flag\",\"record_time\"]},\"tb_group_chat\":{\"data_type\":2,\"section_factor\":2,\"cols\":[\"msgid\",\"send_imid\",\"guid\",\"group_id\",\"msg_type\",\"attribute_body\",\"record_time\"]},\"tb_group_notify\":{\"data_type\":2,\"section_factor\":2,\"cols\":[\"msgid\",\"group_id\",\"msg_type\",\"attribute_body\",\"cmd_identify\",\"record_time\"]},\"tb_official\":{\"data_type\":1,\"section_factor\":1,\"cols\":[\"official_imid\",\"description\",\"accout_type\",\"default_userset\",\"userset_binding_list\",\"pub_cycle_frequency\",\"pub_limit_num\",\"current_pub_num\",\"last_pub_time\",\"user_max_receive\",\"del_flag\",\"record_time\"]},\"tb_official_system_account\":{\"data_type\":1,\"section_factor\":1,\"cols\":[\"official_imid\",\"record_time\"]},\"tb_official_msg\":{\"data_type\":2,\"section_factor\":1,\"cols\":[\"msgid\",\"send_imid\",\"guid\",\"userset_id\",\"attribute_body\",\"msg_expires\",\"msg_accept_time\",\"record_time\"]},\"tb_official_specified_user_msg\":{\"data_type\":2,\"section_factor\":1,\"cols\":[\"imid\",\"send_imid\",\"msgid\",\"record_time\"]},\"tb_official_subscriber\":{\"data_type\":1,\"section_factor\":1,\"cols\":[\"official_imid\",\"imid\",\"record_time\"]},\"tb_official_user_last_recv\":{\"data_type\":2,\"section_factor\":1,\"cols\":[\"imid\",\"userset_id\",\"msgid\",\"record_time\"]},\"tb_official_userset\":{\"data_type\":1,\"section_factor\":4,\"cols\":[\"userset_id\",\"official_imid\",\"userset_type\",\"userset_name\",\"record_time\"]},\"tb_official_userset_member\":{\"data_type\":1,\"section_factor\":4,\"cols\":[\"userset_id\",\"imid\",\"guid\",\"remark\",\"record_time\"]},\"tb_official_userset_msg\":{\"data_type\":2,\"section_factor\":4,\"cols\":[\"userset_id\",\"send_imid\",\"msgid\",\"record_time\"]},\"tb_official_user_subscribe\":{\"data_type\":1,\"section_factor\":1,\"cols\":[\"imid\",\"official_imid\",\"current_num\",\"first_receive_time\",\"last_receive_time\",\"record_time\"]},\"tb_blog\":{\"data_type\":2,\"section_factor\":1,\"cols\":[\"blog_imid\",\"msgid\",\"pmsgid\",\"blog_msgid\",\"imid\",\"guid\",\"nickname\",\"avatar\",\"pimid\",\"pnickname\",\"msg_type\",\"msg_content\",\"msg_status\",\"target_user\",\"create_time\",\"update_time\"]},\"tb_search_groupinfo\":{\"data_type\":1,\"section_factor\":3,\"cols\":[\"group_name\",\"group_id\",\"group_avatar\",\"group_intro\",\"group_loc\",\"record_time\"]},\"tb_app_release_patch\":{\"data_type\":1,\"section_factor\":3,\"cols\":[\"patch_id\",\"client_type\",\"device_info\",\"patch_version\",\"patch_url\",\"patch_module\",\"patch_specific_user\",\"patch_user_identity\",\"patch_begin\",\"patch_expires\",\"update_time\",\"patch_bundleId\",\"description\"]},\"tcc_chatMsgHistory\":{\"data_type\":2,\"section_factor\":1,\"cols\":[\"msg_serial_t\",\"imid\",\"msg_date\",\"send_imid\",\"send_guid\",\"recv_imid\",\"recv_guid\",\"msg_type\",\"msg_content\",\"record_time\"]},\"tb_sensitive_words\":{\"data_type\":1,\"section_factor\":3,\"cols\":[\"sensitive_type\",\"secondary_type\",\"word\",\"create_time\"]},\"tb_user_contacts_failed\":{\"data_type\":2,\"section_factor\":3,\"cols\":[\"msgid\",\"imid\",\"guid\",\"attribute_body\",\"record_time\"]},\"tb_report_prompt\":{\"data_type\":1,\"section_factor\":3,\"cols\":[\"id\",\"type\",\"forbidden_type\",\"content\",\"update_time\"]}}}','Proxy/CmdDataProxyTableRelative.json','2016-11-25 15:36:33',0,0);

/*Table structure for table `tb_serverdata_log` */

DROP TABLE IF EXISTS `tb_serverdata_log`;

CREATE TABLE `tb_serverdata_log` (
  `nodetype` varchar(64) DEFAULT NULL,
  `innerport` int(11) DEFAULT NULL,
  `innerip` varchar(64) DEFAULT NULL,
  `outerport` int(11) DEFAULT NULL,
  `outerip` varchar(64) DEFAULT NULL,
  `status` varchar(4096) DEFAULT NULL,
  `time` timestamp NULL DEFAULT NULL ON UPDATE CURRENT_TIMESTAMP
) ENGINE=InnoDB DEFAULT CHARSET=utf8;

/*Data for the table `tb_serverdata_log` */

/*Table structure for table `tb_serverdata_status` */

DROP TABLE IF EXISTS `tb_serverdata_status`;

CREATE TABLE `tb_serverdata_status` (
  `nodetype` varchar(64) DEFAULT NULL,
  `innerport` int(11) NOT NULL DEFAULT '0',
  `innerip` varchar(64) NOT NULL DEFAULT '',
  `outerport` int(11) DEFAULT NULL,
  `outerip` varchar(64) DEFAULT NULL,
  `status` varchar(4096) DEFAULT NULL,
  `time` timestamp NULL DEFAULT NULL ON UPDATE CURRENT_TIMESTAMP,
  PRIMARY KEY (`innerport`,`innerip`)
) ENGINE=InnoDB DEFAULT CHARSET=utf8;


DROP TABLE IF EXISTS `tb_nodeload_log`;

CREATE TABLE `tb_nodeload_log` (
  `nodeid` int(11) DEFAULT NULL,
  `nodetype` varchar(64) DEFAULT NULL,
  `innerport` int(11) DEFAULT NULL,
  `innerip` varchar(64) DEFAULT NULL,
  `outerport` int(11) DEFAULT NULL,
  `outerip` varchar(64) DEFAULT NULL,
  `workernum` int(11) DEFAULT NULL,
  `activetime` bigint(20) DEFAULT NULL,
  `serverload` int(11) DEFAULT NULL,
  `connect` int(11) DEFAULT NULL,
  `client` int(11) DEFAULT NULL,
  `recvnum` int(11) DEFAULT NULL,
  `sendnum` int(11) DEFAULT NULL,
  `recvbyte` int(11) DEFAULT NULL,
  `sendbyte` int(11) DEFAULT NULL,
  `worker` varchar(2048) DEFAULT NULL,
  KEY `nodetype` (`nodetype`) USING HASH,
  KEY `activetime` (`activetime`) USING HASH
) ENGINE=InnoDB DEFAULT CHARSET=utf8;

/*Table structure for table `tb_nodeload_statistics` */

DROP TABLE IF EXISTS `tb_nodeload_statistics`;

CREATE TABLE `tb_nodeload_statistics` (
  `nodeid` int(11) DEFAULT NULL,
  `nodetype` varchar(64) DEFAULT NULL,
  `innerport` int(11) DEFAULT NULL,
  `innerip` varchar(64) DEFAULT NULL,
  `outerport` int(11) DEFAULT NULL,
  `outerip` varchar(64) DEFAULT NULL,
  `workernum` int(11) DEFAULT NULL,
  `currenttime` bigint(20) DEFAULT NULL,
  `currentload` int(11) DEFAULT NULL,
  `currentclient` int(11) DEFAULT NULL,
  `currentconnect` int(11) DEFAULT NULL,
  `totalrecvnum` int(11) DEFAULT NULL,
  `totalsendnum` int(11) DEFAULT NULL,
  `totalrecvbyte` int(11) DEFAULT NULL,
  `totalsendbyte` int(11) DEFAULT NULL,
  KEY `node-type` (`nodetype`) USING BTREE
) ENGINE=InnoDB DEFAULT CHARSET=utf8;
/*Data for the table `tb_serverdata_status` */

/*!40101 SET SQL_MODE=@OLD_SQL_MODE */;
/*!40014 SET FOREIGN_KEY_CHECKS=@OLD_FOREIGN_KEY_CHECKS */;
/*!40014 SET UNIQUE_CHECKS=@OLD_UNIQUE_CHECKS */;
/*!40111 SET SQL_NOTES=@OLD_SQL_NOTES */;
